chrom	start	end	GC
1	0	1000000	0.4680940476190476
1	1000000	2000000	0.568915
1	2000000	3000000	0.5822452631578947
1	3000000	4000000	0.5695694117647059
1	4000000	5000000	0.482201
1	5000000	6000000	0.469288
1	6000000	7000000	0.51752
1	7000000	8000000	0.479461
1	8000000	9000000	0.444356
1	9000000	10000000	0.50197
1	10000000	11000000	0.478274
1	11000000	12000000	0.500043
1	12000000	13000000	0.469178
1	13000000	14000000	0.4636525
1	14000000	15000000	0.431262
1	15000000	16000000	0.48383
1	16000000	17000000	0.496197
1	17000000	18000000	0.5067757894736842
1	18000000	19000000	0.491613
1	19000000	20000000	0.487321
1	20000000	21000000	0.473806
1	21000000	22000000	0.460534
1	22000000	23000000	0.491468
1	23000000	24000000	0.472911
1	24000000	25000000	0.464707
1	25000000	26000000	0.474254
1	26000000	27000000	0.487044
1	27000000	28000000	0.495588
1	28000000	29000000	0.452362
1	29000000	30000000	0.4669928321045187
1	30000000	31000000	0.47776046950462897
1	31000000	32000000	0.469672
1	32000000	33000000	0.482056
1	33000000	34000000	0.467666
1	34000000	35000000	0.446014
1	35000000	36000000	0.433097
1	36000000	37000000	0.460455
1	37000000	38000000	0.480215
1	38000000	39000000	0.466472
1	39000000	40000000	0.444043
1	40000000	41000000	0.4495
1	41000000	42000000	0.46445
1	42000000	43000000	0.434464
1	43000000	44000000	0.454821
1	44000000	45000000	0.469327
1	45000000	46000000	0.451592
1	46000000	47000000	0.451369
1	47000000	48000000	0.438481
1	48000000	49000000	0.442325
1	49000000	50000000	0.399961
1	50000000	51000000	0.39493
1	51000000	52000000	0.39765
1	52000000	53000000	0.413492
1	53000000	54000000	0.461702
1	54000000	55000000	0.47356
1	55000000	56000000	0.451045
1	56000000	57000000	0.403637
1	57000000	58000000	0.404398
1	58000000	59000000	0.409237
1	59000000	60000000	0.414909
1	60000000	61000000	0.384905
1	61000000	62000000	0.397585
1	62000000	63000000	0.416299
1	63000000	64000000	0.389097
1	64000000	65000000	0.410554
1	65000000	66000000	0.407677
1	66000000	67000000	0.377587
1	67000000	68000000	0.389603
1	68000000	69000000	0.404482
1	69000000	70000000	0.371276
1	70000000	71000000	0.365388
1	71000000	72000000	0.372573
1	72000000	73000000	0.349062
1	73000000	74000000	0.349743
1	74000000	75000000	0.356822
1	75000000	76000000	0.372938
1	76000000	77000000	0.385082
1	77000000	78000000	0.384947
1	78000000	79000000	0.386428
1	79000000	80000000	0.358592
1	80000000	81000000	0.353428
1	81000000	82000000	0.360031
1	82000000	83000000	0.368016
1	83000000	84000000	0.364036
1	84000000	85000000	0.377918
1	85000000	86000000	0.399552
1	86000000	87000000	0.377571
1	87000000	88000000	0.394708
1	88000000	89000000	0.377171
1	89000000	90000000	0.386802
1	90000000	91000000	0.392425
1	91000000	92000000	0.392492
1	92000000	93000000	0.40808
1	93000000	94000000	0.388838
1	94000000	95000000	0.418095
1	95000000	96000000	0.408688
1	96000000	97000000	0.371977
1	97000000	98000000	0.366373
1	98000000	99000000	0.352919
1	99000000	100000000	0.369112
1	100000000	101000000	0.384278
1	101000000	102000000	0.382957
1	102000000	103000000	0.350853
1	103000000	104000000	0.34767789473684213
1	104000000	105000000	0.351573
1	105000000	106000000	0.345639
1	106000000	107000000	0.347466
1	107000000	108000000	0.36527
1	108000000	109000000	0.389752
1	109000000	110000000	0.426751
1	110000000	111000000	0.470404
1	111000000	112000000	0.412394
1	112000000	113000000	0.433342
1	113000000	114000000	0.427321
1	114000000	115000000	0.408191
1	115000000	116000000	0.399831
1	116000000	117000000	0.417606
1	117000000	118000000	0.426198
1	118000000	119000000	0.391719
1	119000000	120000000	0.394212
1	120000000	121000000	0.41840768246127474
1	121000000	122000000	0.3993163447769092
1	122000000	123000000	
1	123000000	124000000	
1	124000000	125000000	
1	125000000	126000000	
1	126000000	127000000	
1	127000000	128000000	
1	128000000	129000000	
1	129000000	130000000	
1	130000000	131000000	
1	131000000	132000000	
1	132000000	133000000	
1	133000000	134000000	
1	134000000	135000000	
1	135000000	136000000	
1	136000000	137000000	
1	137000000	138000000	
1	138000000	139000000	
1	139000000	140000000	
1	140000000	141000000	
1	141000000	142000000	
1	142000000	143000000	0.39528989582216273
1	143000000	144000000	0.4130036267930324
1	144000000	145000000	0.41436
1	145000000	146000000	0.4250021052631579
1	146000000	147000000	0.41311555555555557
1	147000000	148000000	0.422509
1	148000000	149000000	0.40783012937167057
1	149000000	150000000	0.4272659009666434
1	150000000	151000000	0.438066
1	151000000	152000000	0.456599
1	152000000	153000000	0.414099
1	153000000	154000000	0.455255
1	154000000	155000000	0.470134
1	155000000	156000000	0.469545
1	156000000	157000000	0.504268
1	157000000	158000000	0.423084
1	158000000	159000000	0.389084
1	159000000	160000000	0.41069
1	160000000	161000000	0.441275
1	161000000	162000000	0.445826
1	162000000	163000000	0.410917
1	163000000	164000000	0.376093
1	164000000	165000000	0.394336
1	165000000	166000000	0.421932
1	166000000	167000000	0.401974
1	167000000	168000000	0.418088
1	168000000	169000000	0.405309
1	169000000	170000000	0.380362
1	170000000	171000000	0.378515
1	171000000	172000000	0.397487
1	172000000	173000000	0.381497
1	173000000	174000000	0.395673
1	174000000	175000000	0.383066
1	175000000	176000000	0.428835
1	176000000	177000000	0.39241
1	177000000	178000000	0.407004
1	178000000	179000000	0.39864
1	179000000	180000000	0.408026
1	180000000	181000000	0.411509
1	181000000	182000000	0.433382
1	182000000	183000000	0.419301
1	183000000	184000000	0.411391
1	184000000	185000000	0.398936
1	185000000	186000000	0.377092
1	186000000	187000000	0.367066
1	187000000	188000000	0.357133
1	188000000	189000000	0.342571
1	189000000	190000000	0.33983
1	190000000	191000000	0.336441
1	191000000	192000000	0.343076
1	192000000	193000000	0.362486
1	193000000	194000000	0.364908
1	194000000	195000000	0.344261
1	195000000	196000000	0.34207
1	196000000	197000000	0.349261
1	197000000	198000000	0.36289
1	198000000	199000000	0.358997
1	199000000	200000000	0.372443
1	200000000	201000000	0.421856
1	201000000	202000000	0.487769
1	202000000	203000000	0.455461
1	203000000	204000000	0.464077
1	204000000	205000000	0.477656
1	205000000	206000000	0.47074965292340903
1	206000000	207000000	0.44814375016885527
1	207000000	208000000	0.406088
1	208000000	209000000	0.43182
1	209000000	210000000	0.420552
1	210000000	211000000	0.411359
1	211000000	212000000	0.418297
1	212000000	213000000	0.426893
1	213000000	214000000	0.412866
1	214000000	215000000	0.406566
1	215000000	216000000	0.372266
1	216000000	217000000	0.363051
1	217000000	218000000	0.377555
1	218000000	219000000	0.385535
1	219000000	220000000	0.377551
1	220000000	221000000	0.400435
1	221000000	222000000	0.389738
1	222000000	223000000	0.406775
1	223000000	224000000	0.4387884210526316
1	224000000	225000000	0.42743
1	225000000	226000000	0.401168
1	226000000	227000000	0.467329
1	227000000	228000000	0.4231
1	228000000	229000000	0.500766
1	229000000	230000000	0.440307
1	230000000	231000000	0.445584
1	231000000	232000000	0.423873
1	232000000	233000000	0.416348
1	233000000	234000000	0.406617
1	234000000	235000000	0.429106
1	235000000	236000000	0.4276463157894737
1	236000000	237000000	0.429946
1	237000000	238000000	0.393258
1	238000000	239000000	0.376128
1	239000000	240000000	0.374148
1	240000000	241000000	0.401745
1	241000000	242000000	0.390642
1	242000000	243000000	0.409312
1	243000000	244000000	0.392308
1	244000000	245000000	0.423725
1	245000000	246000000	0.438585
1	246000000	247000000	0.416345
1	247000000	248000000	0.4128
1	248000000	249000000	0.38238843439292675
1	249000000	249250621	0.4501153987424004
2	0	1000000	0.44067272727272727
2	1000000	2000000	0.467577
2	2000000	3000000	0.443486
2	3000000	4000000	0.46697684210526313
2	4000000	5000000	0.386735
2	5000000	6000000	0.40087222222222224
2	6000000	7000000	0.400366
2	7000000	8000000	0.411368
2	8000000	9000000	0.438733
2	9000000	10000000	0.447306
2	10000000	11000000	0.480557
2	11000000	12000000	0.452094
2	12000000	13000000	0.410123
2	13000000	14000000	0.359448
2	14000000	15000000	0.373617
2	15000000	16000000	0.414704
2	16000000	17000000	0.43258
2	17000000	18000000	0.382073
2	18000000	19000000	0.394245
2	19000000	20000000	0.405723
2	20000000	21000000	0.448733
2	21000000	22000000	0.39728615384615384
2	22000000	23000000	0.369474
2	23000000	24000000	0.445097
2	24000000	25000000	0.405026
2	25000000	26000000	0.460776
2	26000000	27000000	0.460035
2	27000000	28000000	0.467412
2	28000000	29000000	0.429794
2	29000000	30000000	0.432669
2	30000000	31000000	0.428463
2	31000000	32000000	0.4276646532785532
2	32000000	33000000	0.396672
2	33000000	34000000	0.4054268537074148
2	34000000	35000000	0.379558
2	35000000	36000000	0.353929
2	36000000	37000000	0.389456
2	37000000	38000000	0.397984
2	38000000	39000000	0.421939
2	39000000	40000000	0.39818
2	40000000	41000000	0.37512
2	41000000	42000000	0.363877
2	42000000	43000000	0.429822
2	43000000	44000000	0.44489
2	44000000	45000000	0.397079
2	45000000	46000000	0.429815
2	46000000	47000000	0.432928
2	47000000	48000000	0.462385
2	48000000	49000000	0.402824
2	49000000	50000000	0.382662
2	50000000	51000000	0.360538
2	51000000	52000000	0.352268
2	52000000	53000000	0.359407
2	53000000	54000000	0.375505
2	54000000	55000000	0.406297
2	55000000	56000000	0.398519
2	56000000	57000000	0.380177
2	57000000	58000000	0.356026
2	58000000	59000000	0.362232
2	59000000	60000000	0.37724
2	60000000	61000000	0.422174
2	61000000	62000000	0.410325
2	62000000	63000000	0.419516
2	63000000	64000000	0.374977
2	64000000	65000000	0.405922
2	65000000	66000000	0.437997
2	66000000	67000000	0.396887
2	67000000	68000000	0.381571
2	68000000	69000000	0.396641
2	69000000	70000000	0.416833
2	70000000	71000000	0.437674
2	71000000	72000000	0.45159
2	72000000	73000000	0.407479
2	73000000	74000000	0.441886
2	74000000	75000000	0.454374
2	75000000	76000000	0.407516
2	76000000	77000000	0.365778
2	77000000	78000000	0.349748
2	78000000	79000000	0.349347
2	79000000	80000000	0.381098
2	80000000	81000000	0.389643
2	81000000	82000000	0.358719
2	82000000	83000000	0.350801
2	83000000	84000000	0.354828
2	84000000	85000000	0.384176
2	85000000	86000000	0.46504
2	86000000	87000000	0.430526
2	87000000	88000000	0.4389673684210526
2	88000000	89000000	0.415337
2	89000000	90000000	0.40402875
2	90000000	91000000	0.4138431801059578
2	91000000	92000000	0.43116644479954164
2	92000000	93000000	0.39811019373273526
2	93000000	94000000	
2	94000000	95000000	
2	95000000	96000000	0.44325489107770666
2	96000000	97000000	0.444098
2	97000000	98000000	0.456669
2	98000000	99000000	0.420247
2	99000000	100000000	0.422435
2	100000000	101000000	0.418923
2	101000000	102000000	0.443587
2	102000000	103000000	0.423453
2	103000000	104000000	0.38477
2	104000000	105000000	0.361137
2	105000000	106000000	0.417687
2	106000000	107000000	0.435461
2	107000000	108000000	0.401406
2	108000000	109000000	0.387158
2	109000000	110000000	0.435788
2	110000000	111000000	0.4458764568764569
2	111000000	112000000	0.431204
2	112000000	113000000	0.434692
2	113000000	114000000	0.433289
2	114000000	115000000	0.417397
2	115000000	116000000	0.376254
2	116000000	117000000	0.360467
2	117000000	118000000	0.364403
2	118000000	119000000	0.400636
2	119000000	120000000	0.43596
2	120000000	121000000	0.418624
2	121000000	122000000	0.504072
2	122000000	123000000	0.435097
2	123000000	124000000	0.370707
2	124000000	125000000	0.366515
2	125000000	126000000	0.381498
2	126000000	127000000	0.370258
2	127000000	128000000	0.438916
2	128000000	129000000	0.447043
2	129000000	130000000	0.453113
2	130000000	131000000	0.436601
2	131000000	132000000	0.45565
2	132000000	133000000	0.409991
2	133000000	134000000	0.407546
2	134000000	135000000	0.411132
2	135000000	136000000	0.415924
2	136000000	137000000	0.402261
2	137000000	138000000	0.395813
2	138000000	139000000	0.375674
2	139000000	140000000	0.372184
2	140000000	141000000	0.35952
2	141000000	142000000	0.346464
2	142000000	143000000	0.349372
2	143000000	144000000	0.364627
2	144000000	145000000	0.369983
2	145000000	146000000	0.372636
2	146000000	147000000	0.353317
2	147000000	148000000	0.361614
2	148000000	149000000	0.374783
2	149000000	150000000	0.39706555555555556
2	150000000	151000000	0.384329
2	151000000	152000000	0.383431
2	152000000	153000000	0.39879
2	153000000	154000000	0.390803
2	154000000	155000000	0.365722
2	155000000	156000000	0.351719
2	156000000	157000000	0.347435
2	157000000	158000000	0.372723
2	158000000	159000000	0.387136
2	159000000	160000000	0.403359
2	160000000	161000000	0.386328
2	161000000	162000000	0.3893
2	162000000	163000000	0.367404
2	163000000	164000000	0.356085
2	164000000	165000000	0.361193
2	165000000	166000000	0.364637
2	166000000	167000000	0.364101
2	167000000	168000000	0.356554
2	168000000	169000000	0.378165
2	169000000	170000000	0.395112
2	170000000	171000000	0.389872
2	171000000	172000000	0.406811
2	172000000	173000000	0.404148
2	173000000	174000000	0.414184
2	174000000	175000000	0.406504
2	175000000	176000000	0.398232
2	176000000	177000000	0.39743
2	177000000	178000000	0.396525
2	178000000	179000000	0.391274
2	179000000	180000000	0.384768
2	180000000	181000000	0.371633
2	181000000	182000000	0.36074
2	182000000	183000000	0.36847
2	183000000	184000000	0.37227
2	184000000	185000000	0.36526
2	185000000	186000000	0.339833
2	186000000	187000000	0.34584
2	187000000	188000000	0.368963
2	188000000	189000000	0.35523
2	189000000	190000000	0.352617
2	190000000	191000000	0.370654
2	191000000	192000000	0.391067
2	192000000	193000000	0.388465
2	193000000	194000000	0.346303
2	194000000	195000000	0.340407
2	195000000	196000000	0.342764
2	196000000	197000000	0.376884
2	197000000	198000000	0.386778
2	198000000	199000000	0.398312
2	199000000	200000000	0.363475
2	200000000	201000000	0.392518
2	201000000	202000000	0.408018
2	202000000	203000000	0.41371
2	203000000	204000000	0.40795
2	204000000	205000000	0.404545
2	205000000	206000000	0.382461
2	206000000	207000000	0.410786
2	207000000	208000000	0.400184
2	208000000	209000000	0.415802
2	209000000	210000000	0.378678
2	210000000	211000000	0.367352
2	211000000	212000000	0.364606
2	212000000	213000000	0.353755
2	213000000	214000000	0.355057
2	214000000	215000000	0.36051
2	215000000	216000000	0.370143
2	216000000	217000000	0.401901
2	217000000	218000000	0.441945
2	218000000	219000000	0.447284
2	219000000	220000000	0.47055
2	220000000	221000000	0.472393
2	221000000	222000000	0.386702
2	222000000	223000000	0.387991
2	223000000	224000000	0.405584
2	224000000	225000000	0.403977
2	225000000	226000000	0.399567
2	226000000	227000000	0.369411
2	227000000	228000000	0.391919
2	228000000	229000000	0.403612
2	229000000	230000000	0.377522
2	230000000	231000000	0.406805
2	231000000	232000000	0.431422
2	232000000	233000000	0.462026
2	233000000	234000000	0.473004
2	234000000	235000000	0.44015473684210527
2	235000000	236000000	0.447245
2	236000000	237000000	0.460476
2	237000000	238000000	0.455199
2	238000000	239000000	0.458415
2	239000000	240000000	0.48507835051546394
2	240000000	241000000	0.4990769230769231
2	241000000	242000000	0.531426
2	242000000	243000000	0.50787
2	243000000	243199373	0.41892619086910665
3	0	1000000	0.36908829787234043
3	1000000	2000000	0.366078
3	2000000	3000000	0.376935
3	3000000	4000000	0.394239
3	4000000	5000000	0.408256
3	5000000	6000000	0.407686
3	6000000	7000000	0.37339
3	7000000	8000000	0.381053
3	8000000	9000000	0.418322
3	9000000	10000000	0.46062
3	10000000	11000000	0.477105
3	11000000	12000000	0.448029
3	12000000	13000000	0.442599
3	13000000	14000000	0.509658
3	14000000	15000000	0.470275
3	15000000	16000000	0.419067
3	16000000	17000000	0.41459
3	17000000	18000000	0.383028
3	18000000	19000000	0.373464
3	19000000	20000000	0.374026
3	20000000	21000000	0.378424
3	21000000	22000000	0.365488
3	22000000	23000000	0.367384
3	23000000	24000000	0.399509
3	24000000	25000000	0.385335
3	25000000	26000000	0.387421
3	26000000	27000000	0.380924
3	27000000	28000000	0.39412
3	28000000	29000000	0.373853
3	29000000	30000000	0.363987
3	30000000	31000000	0.380484
3	31000000	32000000	0.401697
3	32000000	33000000	0.432519
3	33000000	34000000	0.40144
3	34000000	35000000	0.383963
3	35000000	36000000	0.360941
3	36000000	37000000	0.394097
3	37000000	38000000	0.422875
3	38000000	39000000	0.446812
3	39000000	40000000	0.416413
3	40000000	41000000	0.414856
3	41000000	42000000	0.400692
3	42000000	43000000	0.447351
3	43000000	44000000	0.424086
3	44000000	45000000	0.4256
3	45000000	46000000	0.444255
3	46000000	47000000	0.452365
3	47000000	48000000	0.454404
3	48000000	49000000	0.476658
3	49000000	50000000	0.497381
3	50000000	51000000	0.490973
3	51000000	52000000	0.436404
3	52000000	53000000	0.498582
3	53000000	54000000	0.448402
3	54000000	55000000	0.425481
3	55000000	56000000	0.415527
3	56000000	57000000	0.404243
3	57000000	58000000	0.417583
3	58000000	59000000	0.438475
3	59000000	60000000	0.400318
3	60000000	61000000	0.3849707699415399
3	61000000	62000000	0.401747
3	62000000	63000000	0.401184
3	63000000	64000000	0.393011
3	64000000	65000000	0.407347
3	65000000	66000000	0.400234
3	66000000	67000000	0.41502222222222224
3	67000000	68000000	0.387435
3	68000000	69000000	0.38596
3	69000000	70000000	0.401051
3	70000000	71000000	0.376929
3	71000000	72000000	0.41498
3	72000000	73000000	0.442333
3	73000000	74000000	0.409036
3	74000000	75000000	0.370232
3	75000000	76000000	0.409534
3	76000000	77000000	0.356015
3	77000000	78000000	0.360364
3	78000000	79000000	0.362132
3	79000000	80000000	0.350385
3	80000000	81000000	0.347421
3	81000000	82000000	0.360142
3	82000000	83000000	0.353767
3	83000000	84000000	0.339203
3	84000000	85000000	0.34716
3	85000000	86000000	0.340432
3	86000000	87000000	0.352006
3	87000000	88000000	0.361417
3	88000000	89000000	0.3593
3	89000000	90000000	0.352914
3	90000000	91000000	0.3671477298387257
3	91000000	92000000	
3	92000000	93000000	
3	93000000	94000000	0.37829650244574325
3	94000000	95000000	0.353715
3	95000000	96000000	0.344295
3	96000000	97000000	0.354636
3	97000000	98000000	0.363904
3	98000000	99000000	0.377922
3	99000000	100000000	0.384403
3	100000000	101000000	0.383708
3	101000000	102000000	0.392193
3	102000000	103000000	0.358919
3	103000000	104000000	0.345171
3	104000000	105000000	0.353659
3	105000000	106000000	0.363352
3	106000000	107000000	0.370609
3	107000000	108000000	0.386891
3	108000000	109000000	0.38139
3	109000000	110000000	0.374086
3	110000000	111000000	0.365788
3	111000000	112000000	0.387169
3	112000000	113000000	0.395986
3	113000000	114000000	0.397439
3	114000000	115000000	0.36522
3	115000000	116000000	0.380372
3	116000000	117000000	0.370192
3	117000000	118000000	0.366026
3	118000000	119000000	0.386468
3	119000000	120000000	0.406382
3	120000000	121000000	0.387314
3	121000000	122000000	0.393714
3	122000000	123000000	0.421883
3	123000000	124000000	0.44527
3	124000000	125000000	0.435326
3	125000000	126000000	0.436999
3	126000000	127000000	0.486105
3	127000000	128000000	0.465677
3	128000000	129000000	0.48786
3	129000000	130000000	0.460824
3	130000000	131000000	0.384732
3	131000000	132000000	0.391858
3	132000000	133000000	0.388476
3	133000000	134000000	0.433216
3	134000000	135000000	0.44275
3	135000000	136000000	0.408419
3	136000000	137000000	0.403047
3	137000000	138000000	0.398454
3	138000000	139000000	0.430885
3	139000000	140000000	0.423022
3	140000000	141000000	0.421625
3	141000000	142000000	0.412962
3	142000000	143000000	0.392882
3	143000000	144000000	0.384087
3	144000000	145000000	0.351757
3	145000000	146000000	0.353674
3	146000000	147000000	0.357492
3	147000000	148000000	0.362445
3	148000000	149000000	0.374482
3	149000000	150000000	0.396665
3	150000000	151000000	0.400573
3	151000000	152000000	0.370081
3	152000000	153000000	0.378601
3	153000000	154000000	0.373963
3	154000000	155000000	0.371352
3	155000000	156000000	0.39894
3	156000000	157000000	0.39449
3	157000000	158000000	0.380803
3	158000000	159000000	0.384528
3	159000000	160000000	0.402073
3	160000000	161000000	0.382674
3	161000000	162000000	0.365107
3	162000000	163000000	0.347466
3	163000000	164000000	0.348137
3	164000000	165000000	0.343736
3	165000000	166000000	0.348009
3	166000000	167000000	0.355054
3	167000000	168000000	0.367004
3	168000000	169000000	0.360163
3	169000000	170000000	0.394151
3	170000000	171000000	0.405409
3	171000000	172000000	0.396324
3	172000000	173000000	0.387352
3	173000000	174000000	0.355286
3	174000000	175000000	0.355005
3	175000000	176000000	0.353425
3	176000000	177000000	0.383048
3	177000000	178000000	0.388327
3	178000000	179000000	0.381542
3	179000000	180000000	0.394307
3	180000000	181000000	0.375656
3	181000000	182000000	0.384788
3	182000000	183000000	0.395614
3	183000000	184000000	0.448168
3	184000000	185000000	0.449033
3	185000000	186000000	0.428428
3	186000000	187000000	0.432976
3	187000000	188000000	0.414991
3	188000000	189000000	0.389959
3	189000000	190000000	0.376931
3	190000000	191000000	0.368387
3	191000000	192000000	0.368734
3	192000000	193000000	0.388438
3	193000000	194000000	0.427618
3	194000000	195000000	0.4680791386434237
3	195000000	196000000	0.467146
3	196000000	197000000	0.429716
3	197000000	198000000	0.4456220192637387
3	198000000	198022430	
4	0	1000000	0.48081515151515153
4	1000000	2000000	0.5459576495500265
4	2000000	3000000	0.491295
4	3000000	4000000	0.51658
4	4000000	5000000	0.457646
4	5000000	6000000	0.448741
4	6000000	7000000	0.498609
4	7000000	8000000	0.516283
4	8000000	9000000	0.5284546381243629
4	9000000	10000000	0.4549084210526316
4	10000000	11000000	0.426932
4	11000000	12000000	0.389819
4	12000000	13000000	0.372947
4	13000000	14000000	0.398207
4	14000000	15000000	0.388842
4	15000000	16000000	0.402412
4	16000000	17000000	0.405904
4	17000000	18000000	0.407891
4	18000000	19000000	0.376609
4	19000000	20000000	0.364087
4	20000000	21000000	0.371393
4	21000000	22000000	0.376066
4	22000000	23000000	0.385435
4	23000000	24000000	0.373404
4	24000000	25000000	0.416789
4	25000000	26000000	0.432331
4	26000000	27000000	0.402626
4	27000000	28000000	0.374831
4	28000000	29000000	0.35521
4	29000000	30000000	0.343486
4	30000000	31000000	0.35422
4	31000000	32000000	0.35101779359430607
4	32000000	33000000	0.34684406438631793
4	33000000	34000000	0.348583
4	34000000	35000000	0.342684
4	35000000	36000000	0.349677
4	36000000	37000000	0.364564
4	37000000	38000000	0.401742
4	38000000	39000000	0.420811
4	39000000	40000000	0.408907
4	40000000	41000000	0.4311448013609527
4	41000000	42000000	0.407671
4	42000000	43000000	0.39212
4	43000000	44000000	0.358538
4	44000000	45000000	0.360843
4	45000000	46000000	0.352775
4	46000000	47000000	0.357755
4	47000000	48000000	0.373692
4	48000000	49000000	0.392708
4	49000000	50000000	0.4273313769194126
4	50000000	51000000	
4	51000000	52000000	
4	52000000	53000000	0.40196479376726696
4	53000000	54000000	0.407463
4	54000000	55000000	0.400762
4	55000000	56000000	0.41189
4	56000000	57000000	0.391752
4	57000000	58000000	0.420339
4	58000000	59000000	0.382207
4	59000000	60000000	0.3505557894736842
4	60000000	61000000	0.347781
4	61000000	62000000	0.351763
4	62000000	63000000	0.353317
4	63000000	64000000	0.353454
4	64000000	65000000	0.341979
4	65000000	66000000	0.347683
4	66000000	67000000	0.34453
4	67000000	68000000	0.352491
4	68000000	69000000	0.373254
4	69000000	70000000	0.365502
4	70000000	71000000	0.353377
4	71000000	72000000	0.38383
4	72000000	73000000	0.372169
4	73000000	74000000	0.372656
4	74000000	75000000	0.373857
4	75000000	76000000	0.377149010357912
4	76000000	77000000	0.398892
4	77000000	78000000	0.407794
4	78000000	79000000	0.403903
4	79000000	80000000	0.387867
4	80000000	81000000	0.360177
4	81000000	82000000	0.365539
4	82000000	83000000	0.388084
4	83000000	84000000	0.410155
4	84000000	85000000	0.398222
4	85000000	86000000	0.38053
4	86000000	87000000	0.370441
4	87000000	88000000	0.382967
4	88000000	89000000	0.393327
4	89000000	90000000	0.395781
4	90000000	91000000	0.371016
4	91000000	92000000	0.352041
4	92000000	93000000	0.35469
4	93000000	94000000	0.345671
4	94000000	95000000	0.357951
4	95000000	96000000	0.375704
4	96000000	97000000	0.368059
4	97000000	98000000	0.352649
4	98000000	99000000	0.358371
4	99000000	100000000	0.390537
4	100000000	101000000	0.385103
4	101000000	102000000	0.367953
4	102000000	103000000	0.362514
4	103000000	104000000	0.383546
4	104000000	105000000	0.363367
4	105000000	106000000	0.358408
4	106000000	107000000	0.370846
4	107000000	108000000	0.36166
4	108000000	109000000	0.381367
4	109000000	110000000	0.394302
4	110000000	111000000	0.389983
4	111000000	112000000	0.384862
4	112000000	113000000	0.357606
4	113000000	114000000	0.392817
4	114000000	115000000	0.366707
4	115000000	116000000	0.357725
4	116000000	117000000	0.341975
4	117000000	118000000	0.342997
4	118000000	119000000	0.352397
4	119000000	120000000	0.385422
4	120000000	121000000	0.375097
4	121000000	122000000	0.368044
4	122000000	123000000	0.3805
4	123000000	124000000	0.37785
4	124000000	125000000	0.379317
4	125000000	126000000	0.358648
4	126000000	127000000	0.353005
4	127000000	128000000	0.353655
4	128000000	129000000	0.379675
4	129000000	130000000	0.397221
4	130000000	131000000	0.364179
4	131000000	132000000	0.346041
4	132000000	133000000	0.355506
4	133000000	134000000	0.345919
4	134000000	135000000	0.346873
4	135000000	136000000	0.343994
4	136000000	137000000	0.341102
4	137000000	138000000	0.349787
4	138000000	139000000	0.353847
4	139000000	140000000	0.391427
4	140000000	141000000	0.414438
4	141000000	142000000	0.397357
4	142000000	143000000	0.373848
4	143000000	144000000	0.367179
4	144000000	145000000	0.382981
4	145000000	146000000	0.372625
4	146000000	147000000	0.396581
4	147000000	148000000	0.381031
4	148000000	149000000	0.395469
4	149000000	150000000	0.379518
4	150000000	151000000	0.364807
4	151000000	152000000	0.375438
4	152000000	153000000	0.413599
4	153000000	154000000	0.403789
4	154000000	155000000	0.414147
4	155000000	156000000	0.381692
4	156000000	157000000	0.369612
4	157000000	158000000	0.360375
4	158000000	159000000	0.354609
4	159000000	160000000	0.388126
4	160000000	161000000	0.380081
4	161000000	162000000	0.34875
4	162000000	163000000	0.342988
4	163000000	164000000	0.355157
4	164000000	165000000	0.367088
4	165000000	166000000	0.380837
4	166000000	167000000	0.378603
4	167000000	168000000	0.351231
4	168000000	169000000	0.356579
4	169000000	170000000	0.389317
4	170000000	171000000	0.395677
4	171000000	172000000	0.365654
4	172000000	173000000	0.351518
4	173000000	174000000	0.369127
4	174000000	175000000	0.385302
4	175000000	176000000	0.363299
4	176000000	177000000	0.360075
4	177000000	178000000	0.367362
4	178000000	179000000	0.369598
4	179000000	180000000	0.351261
4	180000000	181000000	0.356832
4	181000000	182000000	0.363176
4	182000000	183000000	0.382989
4	183000000	184000000	0.405279
4	184000000	185000000	0.425267
4	185000000	186000000	0.438515
4	186000000	187000000	0.409234
4	187000000	188000000	0.416113
4	188000000	189000000	0.391767
4	189000000	190000000	0.39835
4	190000000	191000000	0.413376
4	191000000	191154276	0.5240536633842262
5	0	1000000	0.5179252525252526
5	1000000	2000000	0.536477
5	2000000	3000000	0.451496
5	3000000	4000000	0.440495
5	4000000	5000000	0.399891
5	5000000	6000000	0.419496
5	6000000	7000000	0.440829
5	7000000	8000000	0.405744
5	8000000	9000000	0.385162
5	9000000	10000000	0.404365
5	10000000	11000000	0.441114
5	11000000	12000000	0.390288
5	12000000	13000000	0.356109
5	13000000	14000000	0.380966
5	14000000	15000000	0.431989
5	15000000	16000000	0.392434
5	16000000	17000000	0.419697
5	17000000	18000000	0.4077042105263158
5	18000000	19000000	0.356397
5	19000000	20000000	0.34972
5	20000000	21000000	0.351503
5	21000000	22000000	0.356504
5	22000000	23000000	0.354026
5	23000000	24000000	0.354443
5	24000000	25000000	0.350969
5	25000000	26000000	0.349134
5	26000000	27000000	0.349315
5	27000000	28000000	0.344847
5	28000000	29000000	0.34893
5	29000000	30000000	0.346544
5	30000000	31000000	0.356301
5	31000000	32000000	0.416952
5	32000000	33000000	0.422013
5	33000000	34000000	0.396076
5	34000000	35000000	0.398861
5	35000000	36000000	0.392439
5	36000000	37000000	0.388683
5	37000000	38000000	0.400771
5	38000000	39000000	0.408066
5	39000000	40000000	0.374713
5	40000000	41000000	0.383465
5	41000000	42000000	0.375553
5	42000000	43000000	0.383589
5	43000000	44000000	0.402801
5	44000000	45000000	0.364065
5	45000000	46000000	0.357059
5	46000000	47000000	0.36662960598164385
5	47000000	48000000	
5	48000000	49000000	
5	49000000	50000000	0.37490472929660357
5	50000000	51000000	0.360863
5	51000000	52000000	0.352366
5	52000000	53000000	0.379827
5	53000000	54000000	0.399395
5	54000000	55000000	0.400203
5	55000000	56000000	0.414857
5	56000000	57000000	0.40209
5	57000000	58000000	0.378921
5	58000000	59000000	0.377867
5	59000000	60000000	0.377675
5	60000000	61000000	0.394018
5	61000000	62000000	0.401289
5	62000000	63000000	0.371133
5	63000000	64000000	0.375027
5	64000000	65000000	0.369588
5	65000000	66000000	0.395904
5	66000000	67000000	0.388142
5	67000000	68000000	0.396256
5	68000000	69000000	0.415998
5	69000000	70000000	0.379908
5	70000000	71000000	0.390745
5	71000000	72000000	0.409989
5	72000000	73000000	0.406864
5	73000000	74000000	0.408749
5	74000000	75000000	0.389248
5	75000000	76000000	0.403724
5	76000000	77000000	0.412342
5	77000000	78000000	0.39649
5	78000000	79000000	0.403483
5	79000000	80000000	0.416213
5	80000000	81000000	0.389779
5	81000000	82000000	0.390731
5	82000000	83000000	0.370128
5	83000000	84000000	0.358484
5	84000000	85000000	0.341959
5	85000000	86000000	0.350075
5	86000000	87000000	0.36476
5	87000000	88000000	0.369758
5	88000000	89000000	0.360638
5	89000000	90000000	0.3665
5	90000000	91000000	0.377196
5	91000000	92000000	0.3483221052631579
5	92000000	93000000	0.3721
5	93000000	94000000	0.365375
5	94000000	95000000	0.373168
5	95000000	96000000	0.391415
5	96000000	97000000	0.381498
5	97000000	98000000	0.366477
5	98000000	99000000	0.371905
5	99000000	100000000	0.354231
5	100000000	101000000	0.350131
5	101000000	102000000	0.359754
5	102000000	103000000	0.366683
5	103000000	104000000	0.355403
5	104000000	105000000	0.342717
5	105000000	106000000	0.344629
5	106000000	107000000	0.366455
5	107000000	108000000	0.375788
5	108000000	109000000	0.376868
5	109000000	110000000	0.371054
5	110000000	111000000	0.374999
5	111000000	112000000	0.392361
5	112000000	113000000	0.400774
5	113000000	114000000	0.379041
5	114000000	115000000	0.389147
5	115000000	116000000	0.388364
5	116000000	117000000	0.370731
5	117000000	118000000	0.363142
5	118000000	119000000	0.386117
5	119000000	120000000	0.361577
5	120000000	121000000	0.351056
5	121000000	122000000	0.376496
5	122000000	123000000	0.385637
5	123000000	124000000	0.383566
5	124000000	125000000	0.381824
5	125000000	126000000	0.384218
5	126000000	127000000	0.402057
5	127000000	128000000	0.377673
5	128000000	129000000	0.363439
5	129000000	130000000	0.363275
5	130000000	131000000	0.385149
5	131000000	132000000	0.431837
5	132000000	133000000	0.44742
5	133000000	134000000	0.46398
5	134000000	135000000	0.455375
5	135000000	136000000	0.419687
5	136000000	137000000	0.418385
5	137000000	138000000	0.434006
5	138000000	139000000	0.44820947368421055
5	139000000	140000000	0.4587
5	140000000	141000000	0.416659
5	141000000	142000000	0.463295
5	142000000	143000000	0.412484
5	143000000	144000000	0.383587
5	144000000	145000000	0.370098
5	145000000	146000000	0.403301
5	146000000	147000000	0.393979
5	147000000	148000000	0.375313
5	148000000	149000000	0.430777
5	149000000	150000000	0.486289
5	150000000	151000000	0.439556
5	151000000	152000000	0.405351
5	152000000	153000000	0.384037
5	153000000	154000000	0.429379
5	154000000	155000000	0.418733
5	155000000	156000000	0.3843536842105263
5	156000000	157000000	0.41865
5	157000000	158000000	0.413872
5	158000000	159000000	0.403819
5	159000000	160000000	0.433409
5	160000000	161000000	0.384078
5	161000000	162000000	0.358163
5	162000000	163000000	0.373215
5	163000000	164000000	0.365383
5	164000000	165000000	0.357569
5	165000000	166000000	0.367617
5	166000000	167000000	0.382069
5	167000000	168000000	0.425647
5	168000000	169000000	0.434213
5	169000000	170000000	0.441749
5	170000000	171000000	0.424663
5	171000000	172000000	0.453939
5	172000000	173000000	0.469688
5	173000000	174000000	0.44308
5	174000000	175000000	0.42813
5	175000000	176000000	0.464382
5	176000000	177000000	0.502719
5	177000000	178000000	0.480254
5	178000000	179000000	0.479307
5	179000000	180000000	0.480096
5	180000000	180915260	0.45446501557563573
6	0	1000000	0.43017659574468087
6	1000000	2000000	0.440935
6	2000000	3000000	0.420921
6	3000000	4000000	0.457806
6	4000000	5000000	0.422383
6	5000000	6000000	0.428351
6	6000000	7000000	0.428226
6	7000000	8000000	0.436801
6	8000000	9000000	0.384748
6	9000000	10000000	0.373612
6	10000000	11000000	0.420439
6	11000000	12000000	0.412739
6	12000000	13000000	0.397482
6	13000000	14000000	0.421373
6	14000000	15000000	0.435144
6	15000000	16000000	0.43178
6	16000000	17000000	0.419661
6	17000000	18000000	0.41618
6	18000000	19000000	0.396659
6	19000000	20000000	0.386174
6	20000000	21000000	0.4016
6	21000000	22000000	0.415449
6	22000000	23000000	0.377035
6	23000000	24000000	0.370515
6	24000000	25000000	0.407472
6	25000000	26000000	0.395658
6	26000000	27000000	0.412402
6	27000000	28000000	0.41126
6	28000000	29000000	0.411647
6	29000000	30000000	0.417439
6	30000000	31000000	0.458628
6	31000000	32000000	0.48603
6	32000000	33000000	0.432804
6	33000000	34000000	0.500252
6	34000000	35000000	0.467644
6	35000000	36000000	0.461007
6	36000000	37000000	0.462681
6	37000000	38000000	0.454058
6	38000000	39000000	0.403542
6	39000000	40000000	0.440421
6	40000000	41000000	0.454441
6	41000000	42000000	0.471241
6	42000000	43000000	0.455606
6	43000000	44000000	0.491317
6	44000000	45000000	0.447062
6	45000000	46000000	0.397425
6	46000000	47000000	0.393013
6	47000000	48000000	0.387593
6	48000000	49000000	0.356084
6	49000000	50000000	0.362522
6	50000000	51000000	0.366714
6	51000000	52000000	0.381115
6	52000000	53000000	0.420187
6	53000000	54000000	0.400676
6	54000000	55000000	0.359679
6	55000000	56000000	0.352586
6	56000000	57000000	0.380724
6	57000000	58000000	0.377562
6	58000000	59000000	0.37828110320118985
6	59000000	60000000	
6	60000000	61000000	
6	61000000	62000000	0.3670160388537477
6	62000000	63000000	0.35504315789473684
6	63000000	64000000	0.360493
6	64000000	65000000	0.375824
6	65000000	66000000	0.346004
6	66000000	67000000	0.347035
6	67000000	68000000	0.342219
6	68000000	69000000	0.346909
6	69000000	70000000	0.351315
6	70000000	71000000	0.366343
6	71000000	72000000	0.385497
6	72000000	73000000	0.364864
6	73000000	74000000	0.376791
6	74000000	75000000	0.404003
6	75000000	76000000	0.365984
6	76000000	77000000	0.380107
6	77000000	78000000	0.361964
6	78000000	79000000	0.364564
6	79000000	80000000	0.36764
6	80000000	81000000	0.378457
6	81000000	82000000	0.358798
6	82000000	83000000	0.370598
6	83000000	84000000	0.378526
6	84000000	85000000	0.380862
6	85000000	86000000	0.381726
6	86000000	87000000	0.393135
6	87000000	88000000	0.38559
6	88000000	89000000	0.396226
6	89000000	90000000	0.398254
6	90000000	91000000	0.417389
6	91000000	92000000	0.38514
6	92000000	93000000	0.354395
6	93000000	94000000	0.351422
6	94000000	95000000	0.344654
6	95000000	96000000	0.3474141176470588
6	96000000	97000000	0.357123
6	97000000	98000000	0.372279
6	98000000	99000000	0.355576
6	99000000	100000000	0.389845
6	100000000	101000000	0.380814
6	101000000	102000000	0.356474
6	102000000	103000000	0.34017
6	103000000	104000000	0.344119
6	104000000	105000000	0.361426
6	105000000	106000000	0.390545
6	106000000	107000000	0.3998
6	107000000	108000000	0.420206
6	108000000	109000000	0.419697
6	109000000	110000000	0.409656
6	110000000	111000000	0.407914
6	111000000	112000000	0.410312
6	112000000	113000000	0.394842
6	113000000	114000000	0.366713
6	114000000	115000000	0.379424
6	115000000	116000000	0.3563903563903564
6	116000000	117000000	0.37607
6	117000000	118000000	0.377941
6	118000000	119000000	0.384042
6	119000000	120000000	0.387763
6	120000000	121000000	0.351337
6	121000000	122000000	0.367503
6	122000000	123000000	0.36537
6	123000000	124000000	0.362958
6	124000000	125000000	0.36013
6	125000000	126000000	0.385448
6	126000000	127000000	0.37301
6	127000000	128000000	0.368348
6	128000000	129000000	0.357192
6	129000000	130000000	0.364221
6	130000000	131000000	0.383888
6	131000000	132000000	0.390079
6	132000000	133000000	0.377277
6	133000000	134000000	0.379165
6	134000000	135000000	0.400056
6	135000000	136000000	0.388962
6	136000000	137000000	0.388223
6	137000000	138000000	0.399312
6	138000000	139000000	0.409663
6	139000000	140000000	0.40647
6	140000000	141000000	0.362747
6	141000000	142000000	0.349458
6	142000000	143000000	0.36892
6	143000000	144000000	0.393963
6	144000000	145000000	0.395567
6	145000000	146000000	0.378624
6	146000000	147000000	0.369733
6	147000000	148000000	0.374976
6	148000000	149000000	0.407263
6	149000000	150000000	0.412858
6	150000000	151000000	0.441372
6	151000000	152000000	0.428221
6	152000000	153000000	0.389394
6	153000000	154000000	0.3671
6	154000000	155000000	0.395155
6	155000000	156000000	0.406449
6	156000000	157000000	0.394932
6	157000000	158000000	0.42842444444444444
6	158000000	159000000	0.445329
6	159000000	160000000	0.437878
6	160000000	161000000	0.431526
6	161000000	162000000	0.417514
6	162000000	163000000	0.401622
6	163000000	164000000	0.394638
6	164000000	165000000	0.40937
6	165000000	166000000	0.380837
6	166000000	167000000	0.440663
6	167000000	168000000	0.4592213129980373
6	168000000	169000000	0.47293374129761456
6	169000000	170000000	0.44
6	170000000	171000000	0.4645557894736842
6	171000000	171115067	0.4703542956761763
7	0	1000000	0.547104255319149
7	1000000	2000000	0.564585
7	2000000	3000000	0.531666
7	3000000	4000000	0.423295
7	4000000	5000000	0.483905
7	5000000	6000000	0.498655
7	6000000	7000000	0.479255
7	7000000	8000000	0.3862
7	8000000	9000000	0.376528
7	9000000	10000000	0.348824
7	10000000	11000000	0.363813
7	11000000	12000000	0.357327
7	12000000	13000000	0.368359
7	13000000	14000000	0.35714
7	14000000	15000000	0.352807
7	15000000	16000000	0.355406
7	16000000	17000000	0.375502
7	17000000	18000000	0.370103
7	18000000	19000000	0.363722
7	19000000	20000000	0.363115
7	20000000	21000000	0.375346
7	21000000	22000000	0.389561
7	22000000	23000000	0.410234
7	23000000	24000000	0.406224
7	24000000	25000000	0.399919
7	25000000	26000000	0.410669
7	26000000	27000000	0.410249
7	27000000	28000000	0.419847
7	28000000	29000000	0.407156
7	29000000	30000000	0.414991
7	30000000	31000000	0.437985
7	31000000	32000000	0.410523
7	32000000	33000000	0.410955
7	33000000	34000000	0.395805
7	34000000	35000000	0.394526
7	35000000	36000000	0.397719
7	36000000	37000000	0.424924
7	37000000	38000000	0.400757
7	38000000	39000000	0.389883
7	39000000	40000000	0.404812
7	40000000	41000000	0.388502
7	41000000	42000000	0.398134
7	42000000	43000000	0.40007
7	43000000	44000000	0.419911
7	44000000	45000000	0.487361
7	45000000	46000000	0.451644
7	46000000	47000000	0.391571
7	47000000	48000000	0.44904
7	48000000	49000000	0.391921
7	49000000	50000000	0.373113
7	50000000	51000000	0.419615625
7	51000000	52000000	0.420717
7	52000000	53000000	0.372423
7	53000000	54000000	0.363609
7	54000000	55000000	0.379616
7	55000000	56000000	0.439431
7	56000000	57000000	0.443442
7	57000000	58000000	0.428067
7	58000000	59000000	0.3685372991478162
7	59000000	60000000	
7	60000000	61000000	
7	61000000	62000000	0.3667498581810428
7	62000000	63000000	0.39313
7	63000000	64000000	0.430746
7	64000000	65000000	0.415521
7	65000000	66000000	0.435245
7	66000000	67000000	0.44979
7	67000000	68000000	0.436247
7	68000000	69000000	0.436512
7	69000000	70000000	0.403178
7	70000000	71000000	0.442396
7	71000000	72000000	0.437062
7	72000000	73000000	0.463786
7	73000000	74000000	0.513368
7	74000000	75000000	0.48254631578947366
7	75000000	76000000	0.48891
7	76000000	77000000	0.421468
7	77000000	78000000	0.396785
7	78000000	79000000	0.361013
7	79000000	80000000	0.35751
7	80000000	81000000	0.365275
7	81000000	82000000	0.350326
7	82000000	83000000	0.355305
7	83000000	84000000	0.347806
7	84000000	85000000	0.345345
7	85000000	86000000	0.345574
7	86000000	87000000	0.373535
7	87000000	88000000	0.371812
7	88000000	89000000	0.355541
7	89000000	90000000	0.36523
7	90000000	91000000	0.383464
7	91000000	92000000	0.382184
7	92000000	93000000	0.383125
7	93000000	94000000	0.365561
7	94000000	95000000	0.370529
7	95000000	96000000	0.386334
7	96000000	97000000	0.390218
7	97000000	98000000	0.429174
7	98000000	99000000	0.470761
7	99000000	100000000	0.466104
7	100000000	101000000	0.518918947368421
7	101000000	102000000	0.495869
7	102000000	103000000	0.436359
7	103000000	104000000	0.381251
7	104000000	105000000	0.402972
7	105000000	106000000	0.434341
7	106000000	107000000	0.396598
7	107000000	108000000	0.393187
7	108000000	109000000	0.372227
7	109000000	110000000	0.353958
7	110000000	111000000	0.362905
7	111000000	112000000	0.385577
7	112000000	113000000	0.377145
7	113000000	114000000	0.359299
7	114000000	115000000	0.357365
7	115000000	116000000	0.35563
7	116000000	117000000	0.393223
7	117000000	118000000	0.371908
7	118000000	119000000	0.345436
7	119000000	120000000	0.347389
7	120000000	121000000	0.363753
7	121000000	122000000	0.371001
7	122000000	123000000	0.365744
7	123000000	124000000	0.37129
7	124000000	125000000	0.360771
7	125000000	126000000	0.348595
7	126000000	127000000	0.374596
7	127000000	128000000	0.433386
7	128000000	129000000	0.455184
7	129000000	130000000	0.440068
7	130000000	131000000	0.4158311111111111
7	131000000	132000000	0.443036
7	132000000	133000000	0.426644
7	133000000	134000000	0.387036
7	134000000	135000000	0.415175
7	135000000	136000000	0.403823
7	136000000	137000000	0.366849
7	137000000	138000000	0.401497
7	138000000	139000000	0.424241
7	139000000	140000000	0.4474030769230769
7	140000000	141000000	0.433619
7	141000000	142000000	0.406872
7	142000000	143000000	0.42374333333333336
7	143000000	144000000	0.4072484210526316
7	144000000	145000000	0.382576
7	145000000	146000000	0.359183
7	146000000	147000000	0.359222
7	147000000	148000000	0.387061
7	148000000	149000000	0.444536
7	149000000	150000000	0.453837
7	150000000	151000000	0.480646
7	151000000	152000000	0.45204
7	152000000	153000000	0.437328
7	153000000	154000000	0.420843
7	154000000	155000000	0.4412188888888889
7	155000000	156000000	0.486091
7	156000000	157000000	0.435368
7	157000000	158000000	0.508016
7	158000000	159000000	0.479412
7	159000000	159138663	0.40509703644404377
8	0	1000000	0.4606141414141414
8	1000000	2000000	0.482049
8	2000000	3000000	0.413784
8	3000000	4000000	0.38848
8	4000000	5000000	0.378365
8	5000000	6000000	0.382226
8	6000000	7000000	0.436256
8	7000000	8000000	0.45450315789473683
8	8000000	9000000	0.430499
8	9000000	10000000	0.41766
8	10000000	11000000	0.460135
8	11000000	12000000	0.451971
8	12000000	13000000	0.4306684210526316
8	13000000	14000000	0.369461
8	14000000	15000000	0.352798
8	15000000	16000000	0.37246
8	16000000	17000000	0.362917
8	17000000	18000000	0.397
8	18000000	19000000	0.397637
8	19000000	20000000	0.414201
8	20000000	21000000	0.437823
8	21000000	22000000	0.466288
8	22000000	23000000	0.479567
8	23000000	24000000	0.43029
8	24000000	25000000	0.384116
8	25000000	26000000	0.415577
8	26000000	27000000	0.416279
8	27000000	28000000	0.447824
8	28000000	29000000	0.421745
8	29000000	30000000	0.425658
8	30000000	31000000	0.411886
8	31000000	32000000	0.380144
8	32000000	33000000	0.382263
8	33000000	34000000	0.411254
8	34000000	35000000	0.372326
8	35000000	36000000	0.384686
8	36000000	37000000	0.386365
8	37000000	38000000	0.458611
8	38000000	39000000	0.433692
8	39000000	40000000	0.370386
8	40000000	41000000	0.410121
8	41000000	42000000	0.452072
8	42000000	43000000	0.440599
8	43000000	44000000	0.39315307067578825
8	44000000	45000000	
8	45000000	46000000	
8	46000000	47000000	0.39649811002215835
8	47000000	48000000	0.440969
8	48000000	49000000	0.41702683686802694
8	49000000	50000000	0.425154
8	50000000	51000000	0.366729
8	51000000	52000000	0.356184
8	52000000	53000000	0.384129
8	53000000	54000000	0.398031
8	54000000	55000000	0.403472
8	55000000	56000000	0.401818
8	56000000	57000000	0.410542
8	57000000	58000000	0.393959
8	58000000	59000000	0.393204
8	59000000	60000000	0.385616
8	60000000	61000000	0.364776
8	61000000	62000000	0.408426
8	62000000	63000000	0.38674
8	63000000	64000000	0.375814
8	64000000	65000000	0.375306
8	65000000	66000000	0.373831
8	66000000	67000000	0.397007
8	67000000	68000000	0.407781
8	68000000	69000000	0.391188
8	69000000	70000000	0.368984
8	70000000	71000000	0.404191
8	71000000	72000000	0.387135
8	72000000	73000000	0.380404
8	73000000	74000000	0.388201
8	74000000	75000000	0.406028
8	75000000	76000000	0.379918
8	76000000	77000000	0.354736
8	77000000	78000000	0.356865
8	78000000	79000000	0.34382
8	79000000	80000000	0.354566
8	80000000	81000000	0.384484
8	81000000	82000000	0.413058
8	82000000	83000000	0.378088
8	83000000	84000000	0.344637
8	84000000	85000000	0.352918
8	85000000	86000000	0.356096
8	86000000	87000000	0.3967541176470588
8	87000000	88000000	0.378901
8	88000000	89000000	0.358107
8	89000000	90000000	0.354293
8	90000000	91000000	0.367835
8	91000000	92000000	0.376246
8	92000000	93000000	0.370829
8	93000000	94000000	0.369025
8	94000000	95000000	0.395767
8	95000000	96000000	0.410228
8	96000000	97000000	0.402846
8	97000000	98000000	0.402982
8	98000000	99000000	0.42058
8	99000000	100000000	0.40553
8	100000000	101000000	0.370336
8	101000000	102000000	0.416424
8	102000000	103000000	0.421198
8	103000000	104000000	0.427087
8	104000000	105000000	0.381895
8	105000000	106000000	0.380374
8	106000000	107000000	0.361923
8	107000000	108000000	0.372479
8	108000000	109000000	0.372584
8	109000000	110000000	0.372554
8	110000000	111000000	0.369905
8	111000000	112000000	0.345125
8	112000000	113000000	0.345278
8	113000000	114000000	0.342749
8	114000000	115000000	0.342913
8	115000000	116000000	0.345029
8	116000000	117000000	0.361208
8	117000000	118000000	0.388034
8	118000000	119000000	0.390468
8	119000000	120000000	0.393484
8	120000000	121000000	0.393674
8	121000000	122000000	0.388822
8	122000000	123000000	0.378378
8	123000000	124000000	0.405881
8	124000000	125000000	0.425007
8	125000000	126000000	0.425376
8	126000000	127000000	0.418988
8	127000000	128000000	0.395907
8	128000000	129000000	0.421208
8	129000000	130000000	0.400094
8	130000000	131000000	0.392105
8	131000000	132000000	0.423362
8	132000000	133000000	0.384515
8	133000000	134000000	0.419007
8	134000000	135000000	0.456271
8	135000000	136000000	0.422466
8	136000000	137000000	0.416803
8	137000000	138000000	0.37652
8	138000000	139000000	0.378074
8	139000000	140000000	0.435404
8	140000000	141000000	0.460679
8	141000000	142000000	0.44362
8	142000000	143000000	0.5370726315789474
8	143000000	144000000	0.549232
8	144000000	145000000	0.555879
8	145000000	146000000	0.5635322222222222
8	146000000	146364022	0.469334456059101
9	0	1000000	0.4244929292929293
9	1000000	2000000	0.397077
9	2000000	3000000	0.401667
9	3000000	4000000	0.37735
9	4000000	5000000	0.408558
9	5000000	6000000	0.387348
9	6000000	7000000	0.411704
9	7000000	8000000	0.394308
9	8000000	9000000	0.374225
9	9000000	10000000	0.350891
9	10000000	11000000	0.351465
9	11000000	12000000	0.349134
9	12000000	13000000	0.355045
9	13000000	14000000	0.375845
9	14000000	15000000	0.387853
9	15000000	16000000	0.387437
9	16000000	17000000	0.412765
9	17000000	18000000	0.38063
9	18000000	19000000	0.390298
9	19000000	20000000	0.406441
9	20000000	21000000	0.379781
9	21000000	22000000	0.382282
9	22000000	23000000	0.366835
9	23000000	24000000	0.371766
9	24000000	25000000	0.357293
9	25000000	26000000	0.355235
9	26000000	27000000	0.374853
9	27000000	28000000	0.395365
9	28000000	29000000	0.359616
9	29000000	30000000	0.351288
9	30000000	31000000	0.345528
9	31000000	32000000	0.358242
9	32000000	33000000	0.398112
9	33000000	34000000	0.438031
9	34000000	35000000	0.459685
9	35000000	36000000	0.447696
9	36000000	37000000	0.447815
9	37000000	38000000	0.431146
9	38000000	39000000	0.440124
9	39000000	40000000	0.39409880665573815
9	40000000	41000000	0.3955397695600118
9	41000000	42000000	0.40236
9	42000000	43000000	0.3794915789473684
9	43000000	44000000	0.39584823529411767
9	44000000	45000000	0.41446333333333335
9	45000000	46000000	0.39386823529411763
9	46000000	47000000	0.4015164705882353
9	47000000	48000000	0.41390304071591655
9	48000000	49000000	
9	49000000	50000000	
9	50000000	51000000	
9	51000000	52000000	
9	52000000	53000000	
9	53000000	54000000	
9	54000000	55000000	
9	55000000	56000000	
9	56000000	57000000	
9	57000000	58000000	
9	58000000	59000000	
9	59000000	60000000	
9	60000000	61000000	
9	61000000	62000000	
9	62000000	63000000	
9	63000000	64000000	
9	64000000	65000000	
9	65000000	66000000	0.4011519299387752
9	66000000	67000000	0.39210875
9	67000000	68000000	0.40796587524627437
9	68000000	69000000	0.383973722513443
9	69000000	70000000	0.3882473684210526
9	70000000	71000000	0.39005142857142855
9	71000000	72000000	0.415192
9	72000000	73000000	0.398527
9	73000000	74000000	0.389227
9	74000000	75000000	0.398705
9	75000000	76000000	0.377314
9	76000000	77000000	0.353965
9	77000000	78000000	0.389727
9	78000000	79000000	0.395128
9	79000000	80000000	0.403763
9	80000000	81000000	0.406032
9	81000000	82000000	0.387822
9	82000000	83000000	0.385071
9	83000000	84000000	0.368309
9	84000000	85000000	0.405394
9	85000000	86000000	0.391596
9	86000000	87000000	0.407979
9	87000000	88000000	0.409252
9	88000000	89000000	0.404551
9	89000000	90000000	0.408909
9	90000000	91000000	0.445359
9	91000000	92000000	0.428903
9	92000000	93000000	0.461968
9	93000000	94000000	0.418837
9	94000000	95000000	0.430734
9	95000000	96000000	0.454125
9	96000000	97000000	0.450539
9	97000000	98000000	0.431745
9	98000000	99000000	0.436308
9	99000000	100000000	0.424518
9	100000000	101000000	0.442479
9	101000000	102000000	0.452746
9	102000000	103000000	0.396916
9	103000000	104000000	0.391287
9	104000000	105000000	0.375972
9	105000000	106000000	0.348558
9	106000000	107000000	0.356988
9	107000000	108000000	0.39883
9	108000000	109000000	0.390168
9	109000000	110000000	0.395498
9	110000000	111000000	0.430849
9	111000000	112000000	0.409504
9	112000000	113000000	0.430493
9	113000000	114000000	0.38229
9	114000000	115000000	0.408759
9	115000000	116000000	0.419511
9	116000000	117000000	0.465522
9	117000000	118000000	0.444102
9	118000000	119000000	0.385253
9	119000000	120000000	0.417077
9	120000000	121000000	0.390532
9	121000000	122000000	0.376521
9	122000000	123000000	0.413746
9	123000000	124000000	0.42197
9	124000000	125000000	0.473568
9	125000000	126000000	0.40563
9	126000000	127000000	0.448863
9	127000000	128000000	0.456642
9	128000000	129000000	0.435945
9	129000000	130000000	0.472691
9	130000000	131000000	0.508397
9	131000000	132000000	0.514121
9	132000000	133000000	0.507217
9	133000000	134000000	0.5111882352941176
9	134000000	135000000	0.47771
9	135000000	136000000	0.482571
9	136000000	137000000	0.545021
9	137000000	138000000	0.5474821052631579
9	138000000	139000000	0.53824
9	139000000	140000000	0.5902968421052631
9	140000000	141000000	0.539804
9	141000000	141213431	0.46933800861625097
10	0	1000000	0.4551978723404255
10	1000000	2000000	0.45989
10	2000000	3000000	0.403145
10	3000000	4000000	0.443757
10	4000000	5000000	0.389825
10	5000000	6000000	0.433536
10	6000000	7000000	0.436184
10	7000000	8000000	0.425084
10	8000000	9000000	0.400424
10	9000000	10000000	0.362273
10	10000000	11000000	0.389249
10	11000000	12000000	0.438073
10	12000000	13000000	0.44923
10	13000000	14000000	0.442426
10	14000000	15000000	0.427051
10	15000000	16000000	0.417423
10	16000000	17000000	0.400107
10	17000000	18000000	0.40026059968707517
10	18000000	19000000	0.40163022582216185
10	19000000	20000000	0.365245
10	20000000	21000000	0.378559
10	21000000	22000000	0.40961
10	22000000	23000000	0.397595
10	23000000	24000000	0.405768
10	24000000	25000000	0.403968
10	25000000	26000000	0.392929
10	26000000	27000000	0.399626
10	27000000	28000000	0.398079
10	28000000	29000000	0.399303
10	29000000	30000000	0.426279
10	30000000	31000000	0.434705
10	31000000	32000000	0.404269
10	32000000	33000000	0.400506
10	33000000	34000000	0.403786
10	34000000	35000000	0.405403
10	35000000	36000000	0.4318
10	36000000	37000000	0.389825
10	37000000	38000000	0.3897223897223897
10	38000000	39000000	0.4031178947368421
10	39000000	40000000	0.3948171813986511
10	40000000	41000000	
10	41000000	42000000	
10	42000000	43000000	0.3890734625629133
10	43000000	44000000	0.464433
10	44000000	45000000	0.435542
10	45000000	46000000	0.423469
10	46000000	47000000	0.41389157894736844
10	47000000	48000000	0.43887875
10	48000000	49000000	0.4395726315789474
10	49000000	50000000	0.42793
10	50000000	51000000	0.452595
10	51000000	52000000	0.40734444444444445
10	52000000	53000000	0.386123
10	53000000	54000000	0.365548
10	54000000	55000000	0.37028774057548114
10	55000000	56000000	0.35603
10	56000000	57000000	0.344464
10	57000000	58000000	0.343861
10	58000000	59000000	0.351004
10	59000000	60000000	0.362938
10	60000000	61000000	0.38140438140438143
10	61000000	62000000	0.3928263928263928
10	62000000	63000000	0.380919
10	63000000	64000000	0.379846
10	64000000	65000000	0.40237420712262134
10	65000000	66000000	0.393376
10	66000000	67000000	0.355549
10	67000000	68000000	0.354479
10	68000000	69000000	0.359417
10	69000000	70000000	0.387633
10	70000000	71000000	0.429995
10	71000000	72000000	0.473962
10	72000000	73000000	0.48701
10	73000000	74000000	0.499566
10	74000000	75000000	0.413921
10	75000000	76000000	0.434484
10	76000000	77000000	0.404251
10	77000000	78000000	0.429901
10	78000000	79000000	0.397684
10	79000000	80000000	0.463722
10	80000000	81000000	0.489187
10	81000000	82000000	0.450913
10	82000000	83000000	0.414646
10	83000000	84000000	0.366321
10	84000000	85000000	0.374386
10	85000000	86000000	0.393193
10	86000000	87000000	0.400651
10	87000000	88000000	0.419139
10	88000000	89000000	0.450527
10	89000000	90000000	0.392232
10	90000000	91000000	0.375686
10	91000000	92000000	0.391363
10	92000000	93000000	0.389092
10	93000000	94000000	0.395462
10	94000000	95000000	0.415768
10	95000000	96000000	0.420883
10	96000000	97000000	0.390661
10	97000000	98000000	0.415415
10	98000000	99000000	0.441587
10	99000000	100000000	0.467647
10	100000000	101000000	0.404725
10	101000000	102000000	0.426763
10	102000000	103000000	0.478634
10	103000000	104000000	0.450765
10	104000000	105000000	0.458352
10	105000000	106000000	0.460819
10	106000000	107000000	0.418073
10	107000000	108000000	0.377219
10	108000000	109000000	0.390736
10	109000000	110000000	0.37029
10	110000000	111000000	0.375632
10	111000000	112000000	0.404491
10	112000000	113000000	0.421659
10	113000000	114000000	0.403677
10	114000000	115000000	0.422452
10	115000000	116000000	0.422639
10	116000000	117000000	0.4154554154554155
10	117000000	118000000	0.378047
10	118000000	119000000	0.422981
10	119000000	120000000	0.422939
10	120000000	121000000	0.434678
10	121000000	122000000	0.44882
10	122000000	123000000	0.418437
10	123000000	124000000	0.444132
10	124000000	125000000	0.439458
10	125000000	126000000	0.4659494736842105
10	126000000	127000000	0.482568
10	127000000	128000000	0.426112
10	128000000	129000000	0.4356670588235294
10	129000000	130000000	0.440918
10	130000000	131000000	0.444368
10	131000000	132000000	0.455924
10	132000000	133000000	0.470659
10	133000000	134000000	0.49124111111111113
10	134000000	135000000	0.55971
10	135000000	135534747	0.5198695752429265
11	0	1000000	0.5480787234042553
11	1000000	2000000	0.5656305263157895
11	2000000	3000000	0.536927
11	3000000	4000000	0.473199
11	4000000	5000000	0.401241
11	5000000	6000000	0.382164
11	6000000	7000000	0.421605
11	7000000	8000000	0.400561
11	8000000	9000000	0.445469
11	9000000	10000000	0.424752
11	10000000	11000000	0.41478
11	11000000	12000000	0.430131
11	12000000	13000000	0.436203
11	13000000	14000000	0.40846
11	14000000	15000000	0.400214
11	15000000	16000000	0.415764
11	16000000	17000000	0.382217
11	17000000	18000000	0.453457
11	18000000	19000000	0.424223
11	19000000	20000000	0.432956
11	20000000	21000000	0.40974
11	21000000	22000000	0.371286
11	22000000	23000000	0.364159
11	23000000	24000000	0.359805
11	24000000	25000000	0.352694
11	25000000	26000000	0.352487
11	26000000	27000000	0.363914
11	27000000	28000000	0.39623
11	28000000	29000000	0.366456
11	29000000	30000000	0.365598
11	30000000	31000000	0.383996
11	31000000	32000000	0.375094
11	32000000	33000000	0.412335
11	33000000	34000000	0.4182
11	34000000	35000000	0.426588
11	35000000	36000000	0.416787
11	36000000	37000000	0.414468
11	37000000	38000000	0.356578
11	38000000	39000000	0.351418
11	39000000	40000000	0.364186
11	40000000	41000000	0.368069
11	41000000	42000000	0.368112
11	42000000	43000000	0.375256
11	43000000	44000000	0.403937
11	44000000	45000000	0.477814
11	45000000	46000000	0.476332
11	46000000	47000000	0.447602
11	47000000	48000000	0.46233
11	48000000	49000000	0.396562
11	49000000	50000000	0.3647
11	50000000	51000000	0.3836867371815889
11	51000000	52000000	0.37481126527757913
11	52000000	53000000	
11	53000000	54000000	
11	54000000	55000000	0.3702676629768309
11	55000000	56000000	0.361888
11	56000000	57000000	0.379169
11	57000000	58000000	0.446883
11	58000000	59000000	0.389092
11	59000000	60000000	0.401581
11	60000000	61000000	0.444352
11	61000000	62000000	0.505347
11	62000000	63000000	0.467443
11	63000000	64000000	0.476786
11	64000000	65000000	0.529616
11	65000000	66000000	0.505755
11	66000000	67000000	0.499076
11	67000000	68000000	0.503375
11	68000000	69000000	0.496953
11	69000000	70000000	0.5131055555555556
11	70000000	71000000	0.506221
11	71000000	72000000	0.465888
11	72000000	73000000	0.462617
11	73000000	74000000	0.440461
11	74000000	75000000	0.435105
11	75000000	76000000	0.464934
11	76000000	77000000	0.455663
11	77000000	78000000	0.422591
11	78000000	79000000	0.428581
11	79000000	80000000	0.401873
11	80000000	81000000	0.367559
11	81000000	82000000	0.358399
11	82000000	83000000	0.388699
11	83000000	84000000	0.381421
11	84000000	85000000	0.363931
11	85000000	86000000	0.39118
11	86000000	87000000	0.402441
11	87000000	88000000	0.38133684210526314
11	88000000	89000000	0.361667
11	89000000	90000000	0.368992
11	90000000	91000000	0.35223
11	91000000	92000000	0.371002
11	92000000	93000000	0.39646
11	93000000	94000000	0.407127
11	94000000	95000000	0.405508
11	95000000	96000000	0.391304
11	96000000	97000000	0.3705941176470588
11	97000000	98000000	0.356018
11	98000000	99000000	0.354351
11	99000000	100000000	0.348783
11	100000000	101000000	0.377287
11	101000000	102000000	0.381467
11	102000000	103000000	0.39266
11	103000000	104000000	0.370842
11	104000000	105000000	0.360424
11	105000000	106000000	0.355821
11	106000000	107000000	0.369788
11	107000000	108000000	0.39773
11	108000000	109000000	0.391865
11	109000000	110000000	0.382763
11	110000000	111000000	0.396671
11	111000000	112000000	0.416485
11	112000000	113000000	0.422425
11	113000000	114000000	0.445727
11	114000000	115000000	0.414186
11	115000000	116000000	0.42164
11	116000000	117000000	0.449992
11	117000000	118000000	0.486604
11	118000000	119000000	0.466363
11	119000000	120000000	0.491593
11	120000000	121000000	0.452685
11	121000000	122000000	0.409919
11	122000000	123000000	0.419689
11	123000000	124000000	0.419524
11	124000000	125000000	0.407291
11	125000000	126000000	0.440375
11	126000000	127000000	0.467253
11	127000000	128000000	0.384237
11	128000000	129000000	0.420322
11	129000000	130000000	0.41993
11	130000000	131000000	0.436911
11	131000000	132000000	0.431807
11	132000000	133000000	0.417811
11	133000000	134000000	0.444036
11	134000000	135000000	0.46600374425788893
11	135000000	135006516	
12	0	1000000	0.45589775280898875
12	1000000	2000000	0.427195
12	2000000	3000000	0.469074
12	3000000	4000000	0.47481
12	4000000	5000000	0.427842
12	5000000	6000000	0.439434
12	6000000	7000000	0.4905769811539623
12	7000000	8000000	0.43079894736842106
12	8000000	9000000	0.434699
12	9000000	10000000	0.404929
12	10000000	11000000	0.376997
12	11000000	12000000	0.394827
12	12000000	13000000	0.423326
12	13000000	14000000	0.421972
12	14000000	15000000	0.397665
12	15000000	16000000	0.374947
12	16000000	17000000	0.372517
12	17000000	18000000	0.354938
12	18000000	19000000	0.358917
12	19000000	20000000	0.392993
12	20000000	21000000	0.367428
12	21000000	22000000	0.365577
12	22000000	23000000	0.374876
12	23000000	24000000	0.366097
12	24000000	25000000	0.369281
12	25000000	26000000	0.391205
12	26000000	27000000	0.392663
12	27000000	28000000	0.396627
12	28000000	29000000	0.36967
12	29000000	30000000	0.384491
12	30000000	31000000	0.393675
12	31000000	32000000	0.434478
12	32000000	33000000	0.4141
12	33000000	34000000	0.374868
12	34000000	35000000	0.4168851421861248
12	35000000	36000000	
12	36000000	37000000	
12	37000000	38000000	0.3957615173126038
12	38000000	39000000	0.377341
12	39000000	40000000	0.36965
12	40000000	41000000	0.366704
12	41000000	42000000	0.361032
12	42000000	43000000	0.394612
12	43000000	44000000	0.375135
12	44000000	45000000	0.374012
12	45000000	46000000	0.382202
12	46000000	47000000	0.385254
12	47000000	48000000	0.394166
12	48000000	49000000	0.437567
12	49000000	50000000	0.471504
12	50000000	51000000	0.457729
12	51000000	52000000	0.434664
12	52000000	53000000	0.482362
12	53000000	54000000	0.483657
12	54000000	55000000	0.470304
12	55000000	56000000	0.380719
12	56000000	57000000	0.471425
12	57000000	58000000	0.472893
12	58000000	59000000	0.41841
12	59000000	60000000	0.368935
12	60000000	61000000	0.350675
12	61000000	62000000	0.356149
12	62000000	63000000	0.365955
12	63000000	64000000	0.393946
12	64000000	65000000	0.400046
12	65000000	66000000	0.396097
12	66000000	67000000	0.397156
12	67000000	68000000	0.386334
12	68000000	69000000	0.398726
12	69000000	70000000	0.40249
12	70000000	71000000	0.389608
12	71000000	72000000	0.375593
12	72000000	73000000	0.371752
12	73000000	74000000	0.355953
12	74000000	75000000	0.351648
12	75000000	76000000	0.35354
12	76000000	77000000	0.392909
12	77000000	78000000	0.382682
12	78000000	79000000	0.356114
12	79000000	80000000	0.36156
12	80000000	81000000	0.367945
12	81000000	82000000	0.352805
12	82000000	83000000	0.357325
12	83000000	84000000	0.370251
12	84000000	85000000	0.349262
12	85000000	86000000	0.344058
12	86000000	87000000	0.350089
12	87000000	88000000	0.347466
12	88000000	89000000	0.360603
12	89000000	90000000	0.3801
12	90000000	91000000	0.365254
12	91000000	92000000	0.354943
12	92000000	93000000	0.385026
12	93000000	94000000	0.406268
12	94000000	95000000	0.414001
12	95000000	96000000	0.416012
12	96000000	97000000	0.411969
12	97000000	98000000	0.382299
12	98000000	99000000	0.400037
12	99000000	100000000	0.384014
12	100000000	101000000	0.391003
12	101000000	102000000	0.397228
12	102000000	103000000	0.392489
12	103000000	104000000	0.391747
12	104000000	105000000	0.430129
12	105000000	106000000	0.414229
12	106000000	107000000	0.420493
12	107000000	108000000	0.421881
12	108000000	109000000	0.446329
12	109000000	110000000	0.4597326315789474
12	110000000	111000000	0.464052
12	111000000	112000000	0.473012
12	112000000	113000000	0.441901
12	113000000	114000000	0.474052
12	114000000	115000000	0.459377
12	115000000	116000000	0.43336
12	116000000	117000000	0.42406
12	117000000	118000000	0.464922
12	118000000	119000000	0.436197
12	119000000	120000000	0.432369
12	120000000	121000000	0.46309
12	121000000	122000000	0.4700600120024005
12	122000000	123000000	0.48411894736842104
12	123000000	124000000	0.47464939481844554
12	124000000	125000000	0.487671
12	125000000	126000000	0.48953
12	126000000	127000000	0.411081
12	127000000	128000000	0.409305
12	128000000	129000000	0.42562
12	129000000	130000000	0.445904
12	130000000	131000000	0.451072
12	131000000	132000000	0.49063
12	132000000	133000000	0.5294055555555556
12	133000000	133851895	0.5003212989743376
13	0	1000000	
13	1000000	2000000	
13	2000000	3000000	
13	3000000	4000000	
13	4000000	5000000	
13	5000000	6000000	
13	6000000	7000000	
13	7000000	8000000	
13	8000000	9000000	
13	9000000	10000000	
13	10000000	11000000	
13	11000000	12000000	
13	12000000	13000000	
13	13000000	14000000	
13	14000000	15000000	
13	15000000	16000000	
13	16000000	17000000	
13	17000000	18000000	
13	18000000	19000000	
13	19000000	20000000	0.4150632653061225
13	20000000	21000000	0.422788
13	21000000	22000000	0.425318
13	22000000	23000000	0.407982
13	23000000	24000000	0.396432
13	24000000	25000000	0.425907
13	25000000	26000000	0.419928
13	26000000	27000000	0.408637
13	27000000	28000000	0.434601
13	28000000	29000000	0.420137
13	29000000	30000000	0.409649
13	30000000	31000000	0.427984
13	31000000	32000000	0.430027
13	32000000	33000000	0.391118
13	33000000	34000000	0.399481
13	34000000	35000000	0.384507
13	35000000	36000000	0.368226
13	36000000	37000000	0.390823
13	37000000	38000000	0.388843
13	38000000	39000000	0.356752
13	39000000	40000000	0.378193
13	40000000	41000000	0.399388
13	41000000	42000000	0.409508
13	42000000	43000000	0.390539
13	43000000	44000000	0.401753
13	44000000	45000000	0.401015
13	45000000	46000000	0.418468
13	46000000	47000000	0.40912
13	47000000	48000000	0.386632
13	48000000	49000000	0.393703
13	49000000	50000000	0.394372
13	50000000	51000000	0.408823
13	51000000	52000000	0.404172
13	52000000	53000000	0.415553
13	53000000	54000000	0.410209
13	54000000	55000000	0.358942
13	55000000	56000000	0.350885
13	56000000	57000000	0.342733
13	57000000	58000000	0.343198
13	58000000	59000000	0.344673
13	59000000	60000000	0.366662
13	60000000	61000000	0.375853
13	61000000	62000000	0.368954
13	62000000	63000000	0.345913
13	63000000	64000000	0.337282
13	64000000	65000000	0.346023
13	65000000	66000000	0.342821
13	66000000	67000000	0.348995
13	67000000	68000000	0.348046
13	68000000	69000000	0.347101
13	69000000	70000000	0.334872
13	70000000	71000000	0.34478
13	71000000	72000000	0.344392
13	72000000	73000000	0.352664
13	73000000	74000000	0.384025
13	74000000	75000000	0.381592
13	75000000	76000000	0.376691
13	76000000	77000000	0.37473
13	77000000	78000000	0.37994
13	78000000	79000000	0.372592
13	79000000	80000000	0.376989
13	80000000	81000000	0.384537
13	81000000	82000000	0.356242
13	82000000	83000000	0.345532
13	83000000	84000000	0.340001
13	84000000	85000000	0.348297
13	85000000	86000000	0.348082
13	86000000	87000000	0.3445
13	87000000	88000000	0.34422
13	88000000	89000000	0.3454
13	89000000	90000000	0.341882
13	90000000	91000000	0.348941
13	91000000	92000000	0.364477
13	92000000	93000000	0.36102
13	93000000	94000000	0.361566
13	94000000	95000000	0.368912
13	95000000	96000000	0.410857
13	96000000	97000000	0.395246
13	97000000	98000000	0.389515
13	98000000	99000000	0.415806
13	99000000	100000000	0.436549
13	100000000	101000000	0.428266
13	101000000	102000000	0.410523
13	102000000	103000000	0.369777
13	103000000	104000000	0.388983
13	104000000	105000000	0.360041
13	105000000	106000000	0.359371
13	106000000	107000000	0.376445
13	107000000	108000000	0.395851
13	108000000	109000000	0.372596
13	109000000	110000000	0.3876
13	110000000	111000000	0.426492
13	111000000	112000000	0.458135
13	112000000	113000000	0.48109529411764707
13	113000000	114000000	0.489531
13	114000000	115000000	0.5234525
13	115000000	115169878	0.4328892043903238
14	0	1000000	
14	1000000	2000000	
14	2000000	3000000	
14	3000000	4000000	
14	4000000	5000000	
14	5000000	6000000	
14	6000000	7000000	
14	7000000	8000000	
14	8000000	9000000	
14	9000000	10000000	
14	10000000	11000000	
14	11000000	12000000	
14	12000000	13000000	
14	13000000	14000000	
14	14000000	15000000	
14	15000000	16000000	
14	16000000	17000000	
14	17000000	18000000	
14	18000000	19000000	
14	19000000	20000000	0.411391
14	20000000	21000000	0.391122
14	21000000	22000000	0.434586
14	22000000	23000000	0.394507
14	23000000	24000000	0.465927
14	24000000	25000000	0.463543
14	25000000	26000000	0.391153
14	26000000	27000000	0.366474
14	27000000	28000000	0.348758
14	28000000	29000000	0.349006
14	29000000	30000000	0.357292
14	30000000	31000000	0.375355
14	31000000	32000000	0.393878
14	32000000	33000000	0.390758
14	33000000	34000000	0.377191
14	34000000	35000000	0.411969
14	35000000	36000000	0.422309
14	36000000	37000000	0.385656
14	37000000	38000000	0.38097
14	38000000	39000000	0.377016
14	39000000	40000000	0.388323
14	40000000	41000000	0.362091
14	41000000	42000000	0.345295
14	42000000	43000000	0.347024
14	43000000	44000000	0.341403
14	44000000	45000000	0.354696
14	45000000	46000000	0.381807
14	46000000	47000000	0.355613
14	47000000	48000000	0.348675
14	48000000	49000000	0.356117
14	49000000	50000000	0.37462
14	50000000	51000000	0.41436
14	51000000	52000000	0.40426
14	52000000	53000000	0.400849
14	53000000	54000000	0.393854
14	54000000	55000000	0.397059
14	55000000	56000000	0.418368
14	56000000	57000000	0.402222
14	57000000	58000000	0.395791
14	58000000	59000000	0.39417
14	59000000	60000000	0.399536
14	60000000	61000000	0.382383
14	61000000	62000000	0.40307
14	62000000	63000000	0.390215
14	63000000	64000000	0.381909
14	64000000	65000000	0.416301
14	65000000	66000000	0.445766
14	66000000	67000000	0.402806
14	67000000	68000000	0.38607
14	68000000	69000000	0.406484
14	69000000	70000000	0.457741
14	70000000	71000000	0.432951
14	71000000	72000000	0.411788
14	72000000	73000000	0.410905
14	73000000	74000000	0.448918
14	74000000	75000000	0.457159
14	75000000	76000000	0.453083
14	76000000	77000000	0.438956
14	77000000	78000000	0.473513
14	78000000	79000000	0.434618
14	79000000	80000000	0.387596
14	80000000	81000000	0.379528
14	81000000	82000000	0.385671
14	82000000	83000000	0.378252
14	83000000	84000000	0.352836
14	84000000	85000000	0.356713
14	85000000	86000000	0.366491
14	86000000	87000000	0.36522
14	87000000	88000000	0.368638
14	88000000	89000000	0.403388
14	89000000	90000000	0.421293
14	90000000	91000000	0.434297
14	91000000	92000000	0.454024
14	92000000	93000000	0.430884
14	93000000	94000000	0.456949
14	94000000	95000000	0.450877
14	95000000	96000000	0.465472
14	96000000	97000000	0.446111
14	97000000	98000000	0.431066
14	98000000	99000000	0.413309
14	99000000	100000000	0.454699
14	100000000	101000000	0.48648
14	101000000	102000000	0.486186
14	102000000	103000000	0.471185
14	103000000	104000000	0.484049
14	104000000	105000000	0.508982
14	105000000	106000000	0.569804
14	106000000	107000000	0.469431
14	107000000	107349540	0.4145126752780272
15	0	1000000	
15	1000000	2000000	
15	2000000	3000000	
15	3000000	4000000	
15	4000000	5000000	
15	5000000	6000000	
15	6000000	7000000	
15	7000000	8000000	
15	8000000	9000000	
15	9000000	10000000	
15	10000000	11000000	
15	11000000	12000000	
15	12000000	13000000	
15	13000000	14000000	
15	14000000	15000000	
15	15000000	16000000	
15	16000000	17000000	
15	17000000	18000000	
15	18000000	19000000	
15	19000000	20000000	
15	20000000	21000000	0.42496336855093697
15	21000000	22000000	0.41703206771256024
15	22000000	23000000	0.42133333333333334
15	23000000	24000000	0.42759684210526316
15	24000000	25000000	0.391897
15	25000000	26000000	0.421652
15	26000000	27000000	0.41951
15	27000000	28000000	0.410557231671695
15	28000000	29000000	0.434967
15	29000000	30000000	0.44862315789473683
15	30000000	31000000	0.421546
15	31000000	32000000	0.447939
15	32000000	33000000	0.422835
15	33000000	34000000	0.404717
15	34000000	35000000	0.415389
15	35000000	36000000	0.381869
15	36000000	37000000	0.367745
15	37000000	38000000	0.372686
15	38000000	39000000	0.389452
15	39000000	40000000	0.39662
15	40000000	41000000	0.451282
15	41000000	42000000	0.465196
15	42000000	43000000	0.451518
15	43000000	44000000	0.429397
15	44000000	45000000	0.419047
15	45000000	46000000	0.435523
15	46000000	47000000	0.382118
15	47000000	48000000	0.372232
15	48000000	49000000	0.394542
15	49000000	50000000	0.376838
15	50000000	51000000	0.396125
15	51000000	52000000	0.410205
15	52000000	53000000	0.415922
15	53000000	54000000	0.394322
15	54000000	55000000	0.366145
15	55000000	56000000	0.395402
15	56000000	57000000	0.382243
15	57000000	58000000	0.403583
15	58000000	59000000	0.410557
15	59000000	60000000	0.415608
15	60000000	61000000	0.40639
15	61000000	62000000	0.410866
15	62000000	63000000	0.410896
15	63000000	64000000	0.432935
15	64000000	65000000	0.430036
15	65000000	66000000	0.464518
15	66000000	67000000	0.457998
15	67000000	68000000	0.433747
15	68000000	69000000	0.446872
15	69000000	70000000	0.441036
15	70000000	71000000	0.466966
15	71000000	72000000	0.413494
15	72000000	73000000	0.421553
15	73000000	74000000	0.421465
15	74000000	75000000	0.499761
15	75000000	76000000	0.493006
15	76000000	77000000	0.418281
15	77000000	78000000	0.428421
15	78000000	79000000	0.482637
15	79000000	80000000	0.450298
15	80000000	81000000	0.432089
15	81000000	82000000	0.422145
15	82000000	83000000	0.43810736842105263
15	83000000	84000000	0.435894
15	84000000	85000000	0.4165203108668293
15	85000000	86000000	0.44705741009831934
15	86000000	87000000	0.417763
15	87000000	88000000	0.383001
15	88000000	89000000	0.43437
15	89000000	90000000	0.464687
15	90000000	91000000	0.468577
15	91000000	92000000	0.441683
15	92000000	93000000	0.429757
15	93000000	94000000	0.443999
15	94000000	95000000	0.391219
15	95000000	96000000	0.385922
15	96000000	97000000	0.395543
15	97000000	98000000	0.383295
15	98000000	99000000	0.406132
15	99000000	100000000	0.437164
15	100000000	101000000	0.429321
15	101000000	102000000	0.458518
15	102000000	102531392	0.43146615214656153
16	0	1000000	0.5725457446808511
16	1000000	2000000	0.577248
16	2000000	3000000	0.550483
16	3000000	4000000	0.493806
16	4000000	5000000	0.515886
16	5000000	6000000	0.459891
16	6000000	7000000	0.413297
16	7000000	8000000	0.412698
16	8000000	9000000	0.43890736842105266
16	9000000	10000000	0.437523
16	10000000	11000000	0.447299
16	11000000	12000000	0.485139
16	12000000	13000000	0.4632
16	13000000	14000000	0.420605
16	14000000	15000000	0.438096
16	15000000	16000000	0.46588
16	16000000	17000000	0.462204
16	17000000	18000000	0.434984
16	18000000	19000000	0.445281
16	19000000	20000000	0.44939
16	20000000	21000000	0.427427
16	21000000	22000000	0.439574
16	22000000	23000000	0.440546
16	23000000	24000000	0.450867
16	24000000	25000000	0.437688
16	25000000	26000000	0.426437
16	26000000	27000000	0.417011
16	27000000	28000000	0.476889
16	28000000	29000000	0.492375
16	29000000	30000000	0.489846
16	30000000	31000000	0.505961
16	31000000	32000000	0.459846
16	32000000	33000000	0.417479
16	33000000	34000000	0.423994
16	34000000	35000000	0.41585529411764705
16	35000000	36000000	0.3754885392283442
16	36000000	37000000	
16	37000000	38000000	
16	38000000	39000000	
16	39000000	40000000	
16	40000000	41000000	
16	41000000	42000000	
16	42000000	43000000	
16	43000000	44000000	
16	44000000	45000000	
16	45000000	46000000	
16	46000000	47000000	0.4186818930021052
16	47000000	48000000	0.398124
16	48000000	49000000	0.435583
16	49000000	50000000	0.470284
16	50000000	51000000	0.45751
16	51000000	52000000	0.418659
16	52000000	53000000	0.395395
16	53000000	54000000	0.400363
16	54000000	55000000	0.432548
16	55000000	56000000	0.438956
16	56000000	57000000	0.447795
16	57000000	58000000	0.495146
16	58000000	59000000	0.448363
16	59000000	60000000	0.373606
16	60000000	61000000	0.366369
16	61000000	62000000	0.361212
16	62000000	63000000	0.36878
16	63000000	64000000	0.362325
16	64000000	65000000	0.370086
16	65000000	66000000	0.410169
16	66000000	67000000	0.467365
16	67000000	68000000	0.504735
16	68000000	69000000	0.46886
16	69000000	70000000	0.442186
16	70000000	71000000	0.477507
16	71000000	72000000	0.425884
16	72000000	73000000	0.410397
16	73000000	74000000	0.425942
16	74000000	75000000	0.434499
16	75000000	76000000	0.443793
16	76000000	77000000	0.365044
16	77000000	78000000	0.41218
16	78000000	79000000	0.425612
16	79000000	80000000	0.427879
16	80000000	81000000	0.414839
16	81000000	82000000	0.475312
16	82000000	83000000	0.418288
16	83000000	84000000	0.43404
16	84000000	85000000	0.491867
16	85000000	86000000	0.537656
16	86000000	87000000	0.487769
16	87000000	88000000	0.508908
16	88000000	89000000	0.5684221052631578
16	89000000	90000000	0.546063
16	90000000	90354753	0.4823631990174824
17	0	1000000	0.5075433333333333
17	1000000	2000000	0.519443
17	2000000	3000000	0.479146
17	3000000	4000000	0.46941
17	4000000	5000000	0.495677
17	5000000	6000000	0.454855
17	6000000	7000000	0.464312
17	7000000	8000000	0.51161
17	8000000	9000000	0.468821
17	9000000	10000000	0.459389
17	10000000	11000000	0.433697
17	11000000	12000000	0.424772
17	12000000	13000000	0.412065
17	13000000	14000000	0.399575
17	14000000	15000000	0.405825
17	15000000	16000000	0.434429
17	16000000	17000000	0.454092
17	17000000	18000000	0.510887
17	18000000	19000000	0.483798
17	19000000	20000000	0.466457
17	20000000	21000000	0.437739
17	21000000	22000000	0.45753222222222223
17	22000000	23000000	0.38362242686478637
17	23000000	24000000	
17	24000000	25000000	
17	25000000	26000000	0.4461121800177478
17	26000000	27000000	0.454288
17	27000000	28000000	0.476191
17	28000000	29000000	0.413411
17	29000000	30000000	0.44074
17	30000000	31000000	0.442694
17	31000000	32000000	0.438236
17	32000000	33000000	0.447592
17	33000000	34000000	0.4352
17	34000000	35000000	0.4605978947368421
17	35000000	36000000	0.441785
17	36000000	37000000	0.485406
17	37000000	38000000	0.478718
17	38000000	39000000	0.46702
17	39000000	40000000	0.456179
17	40000000	41000000	0.491025
17	41000000	42000000	0.476822
17	42000000	43000000	0.492765
17	43000000	44000000	0.49974
17	44000000	45000000	0.43754
17	45000000	46000000	0.446305
17	46000000	47000000	0.454092
17	47000000	48000000	0.474078
17	48000000	49000000	0.506088
17	49000000	50000000	0.421173
17	50000000	51000000	0.372228
17	51000000	52000000	0.356891
17	52000000	53000000	0.373166
17	53000000	54000000	0.399047
17	54000000	55000000	0.416342
17	55000000	56000000	0.46386
17	56000000	57000000	0.442176
17	57000000	58000000	0.419344
17	58000000	59000000	0.417669
17	59000000	60000000	0.402778
17	60000000	61000000	0.433896
17	61000000	62000000	0.430519
17	62000000	63000000	0.45229473684210525
17	63000000	64000000	0.428484
17	64000000	65000000	0.435708
17	65000000	66000000	0.434963
17	66000000	67000000	0.428117
17	67000000	68000000	0.381409
17	68000000	69000000	0.37216
17	69000000	70000000	0.381175
17	70000000	71000000	0.457578
17	71000000	72000000	0.491702
17	72000000	73000000	0.514836
17	73000000	74000000	0.512262
17	74000000	75000000	0.504569
17	75000000	76000000	0.499802
17	76000000	77000000	0.50861
17	77000000	78000000	0.5434726315789473
17	78000000	79000000	0.5104
17	79000000	80000000	0.58224
17	80000000	81000000	0.536318
17	81000000	81195210	0.5341939449823268
18	0	1000000	0.42297979797979796
18	1000000	2000000	0.365784
18	2000000	3000000	0.390561
18	3000000	4000000	0.416368
18	4000000	5000000	0.376326
18	5000000	6000000	0.39887
18	6000000	7000000	0.398797
18	7000000	8000000	0.417807
18	8000000	9000000	0.42639
18	9000000	10000000	0.410755
18	10000000	11000000	0.426405
18	11000000	12000000	0.424006
18	12000000	13000000	0.437058
18	13000000	14000000	0.438687
18	14000000	15000000	0.408206
18	15000000	16000000	0.3724014232242552
18	16000000	17000000	
18	17000000	18000000	
18	18000000	19000000	0.3914009756656076
18	19000000	20000000	0.421473
18	20000000	21000000	0.416862
18	21000000	22000000	0.423711
18	22000000	23000000	0.402284
18	23000000	24000000	0.390148
18	24000000	25000000	0.396509
18	25000000	26000000	0.372728
18	26000000	27000000	0.352471
18	27000000	28000000	0.346257
18	28000000	29000000	0.361763
18	29000000	30000000	0.40307
18	30000000	31000000	0.368097
18	31000000	32000000	0.358633
18	32000000	33000000	0.386813
18	33000000	34000000	0.414703
18	34000000	35000000	0.423401
18	35000000	36000000	0.412451
18	36000000	37000000	0.367924
18	37000000	38000000	0.367286
18	38000000	39000000	0.355948
18	39000000	40000000	0.378008
18	40000000	41000000	0.36363
18	41000000	42000000	0.361448
18	42000000	43000000	0.40478
18	43000000	44000000	0.440257
18	44000000	45000000	0.435267
18	45000000	46000000	0.445965
18	46000000	47000000	0.447377
18	47000000	48000000	0.440516
18	48000000	49000000	0.42284
18	49000000	50000000	0.387641
18	50000000	51000000	0.367778
18	51000000	52000000	0.37978
18	52000000	53000000	0.38273411764705884
18	53000000	54000000	0.385349
18	54000000	55000000	0.395998
18	55000000	56000000	0.430366
18	56000000	57000000	0.435649
18	57000000	58000000	0.405403
18	58000000	59000000	0.362059
18	59000000	60000000	0.391787
18	60000000	61000000	0.422334
18	61000000	62000000	0.390176
18	62000000	63000000	0.355338
18	63000000	64000000	0.347594
18	64000000	65000000	0.342626
18	65000000	66000000	0.350764
18	66000000	67000000	0.354953
18	67000000	68000000	0.373935
18	68000000	69000000	0.380395
18	69000000	70000000	0.350278
18	70000000	71000000	0.369078
18	71000000	72000000	0.398004
18	72000000	73000000	0.41958
18	73000000	74000000	0.412711
18	74000000	75000000	0.450634
18	75000000	76000000	0.4124326315789474
18	76000000	77000000	0.455808
18	77000000	78000000	0.499662
18	78000000	78077248	0.5035695629461954
19	0	1000000	0.5460531914893617
19	1000000	2000000	0.591154
19	2000000	3000000	0.545939
19	3000000	4000000	0.555435
19	4000000	5000000	0.541033
19	5000000	6000000	0.531106
19	6000000	7000000	0.490239
19	7000000	8000000	0.5074357894736842
19	8000000	9000000	0.5039105263157895
19	9000000	10000000	0.449572
19	10000000	11000000	0.521683
19	11000000	12000000	0.499286
19	12000000	13000000	0.467575
19	13000000	14000000	0.504187
19	14000000	15000000	0.502549
19	15000000	16000000	0.478502
19	16000000	17000000	0.499133
19	17000000	18000000	0.524378
19	18000000	19000000	0.544154
19	19000000	20000000	0.507766
19	20000000	21000000	0.4060263157894737
19	21000000	22000000	0.409462
19	22000000	23000000	0.412984
19	23000000	24000000	0.413637
19	24000000	25000000	0.39866916119800816
19	25000000	26000000	
19	26000000	27000000	
19	27000000	28000000	0.36535579267610674
19	28000000	29000000	0.419065
19	29000000	30000000	0.446625
19	30000000	31000000	0.472675
19	31000000	32000000	0.442931
19	32000000	33000000	0.428809
19	33000000	34000000	0.484325
19	34000000	35000000	0.468027
19	35000000	36000000	0.468769
19	36000000	37000000	0.505316
19	37000000	38000000	0.422828
19	38000000	39000000	0.477133
19	39000000	40000000	0.512968
19	40000000	41000000	0.46408
19	41000000	42000000	0.49471
19	42000000	43000000	0.50431
19	43000000	44000000	0.440531
19	44000000	45000000	0.434215
19	45000000	46000000	0.51852
19	46000000	47000000	0.497106
19	47000000	48000000	0.506078
19	48000000	49000000	0.495049
19	49000000	50000000	0.522982
19	50000000	51000000	0.523703
19	51000000	52000000	0.502625
19	52000000	53000000	0.436981
19	53000000	54000000	0.448139
19	54000000	55000000	0.497341
19	55000000	56000000	0.505567
19	56000000	57000000	0.471478
19	57000000	58000000	0.440608
19	58000000	59000000	0.474681
19	59000000	59128983	0.5193178857483842
20	0	1000000	0.46368829787234045
20	1000000	2000000	0.447292
20	2000000	3000000	0.449971
20	3000000	4000000	0.468252
20	4000000	5000000	0.445183
20	5000000	6000000	0.432501
20	6000000	7000000	0.394276
20	7000000	8000000	0.369905
20	8000000	9000000	0.381361
20	9000000	10000000	0.391977
20	10000000	11000000	0.404073
20	11000000	12000000	0.384549
20	12000000	13000000	0.387162
20	13000000	14000000	0.397348
20	14000000	15000000	0.372494
20	15000000	16000000	0.385712
20	16000000	17000000	0.406697
20	17000000	18000000	0.438261
20	18000000	19000000	0.426173
20	19000000	20000000	0.433826
20	20000000	21000000	0.417909
20	21000000	22000000	0.41394
20	22000000	23000000	0.413739
20	23000000	24000000	0.450935
20	24000000	25000000	0.452166
20	25000000	26000000	0.453067
20	26000000	27000000	0.3927602489603184
20	27000000	28000000	
20	28000000	29000000	
20	29000000	30000000	0.40170666146258055
20	30000000	31000000	0.472358
20	31000000	32000000	0.493287
20	32000000	33000000	0.462952
20	33000000	34000000	0.448745
20	34000000	35000000	0.46917157894736844
20	35000000	36000000	0.476255
20	36000000	37000000	0.468474
20	37000000	38000000	0.451018
20	38000000	39000000	0.395978
20	39000000	40000000	0.443445
20	40000000	41000000	0.425269
20	41000000	42000000	0.427482
20	42000000	43000000	0.464975
20	43000000	44000000	0.449177
20	44000000	45000000	0.47037
20	45000000	46000000	0.449782
20	46000000	47000000	0.467196
20	47000000	48000000	0.469818
20	48000000	49000000	0.484521
20	49000000	50000000	0.470655
20	50000000	51000000	0.450211
20	51000000	52000000	0.408077
20	52000000	53000000	0.423049
20	53000000	54000000	0.383236
20	54000000	55000000	0.400084
20	55000000	56000000	0.479298
20	56000000	57000000	0.474881
20	57000000	58000000	0.466271
20	58000000	59000000	0.442351
20	59000000	60000000	0.449386
20	60000000	61000000	0.538784
20	61000000	62000000	0.5686933333333334
20	62000000	63000000	0.5585187256607839
20	63000000	63025520	
21	0	1000000	
21	1000000	2000000	
21	2000000	3000000	
21	3000000	4000000	
21	4000000	5000000	
21	5000000	6000000	
21	6000000	7000000	
21	7000000	8000000	
21	8000000	9000000	
21	9000000	10000000	0.4109270120927073
21	10000000	11000000	0.380228
21	11000000	12000000	0.4046159815871025
21	12000000	13000000	
21	13000000	14000000	
21	14000000	15000000	0.3737012197240852
21	15000000	16000000	0.394907
21	16000000	17000000	0.375988
21	17000000	18000000	0.357753
21	18000000	19000000	0.377574
21	19000000	20000000	0.37157
21	20000000	21000000	0.351926
21	21000000	22000000	0.349077
21	22000000	23000000	0.348669
21	23000000	24000000	0.351055
21	24000000	25000000	0.344642
21	25000000	26000000	0.355334
21	26000000	27000000	0.365114
21	27000000	28000000	0.39275
21	28000000	29000000	0.368866
21	29000000	30000000	0.36527
21	30000000	31000000	0.395462
21	31000000	32000000	0.37072
21	32000000	33000000	0.414036
21	33000000	34000000	0.44292728781863455
21	34000000	35000000	0.431288
21	35000000	36000000	0.433273
21	36000000	37000000	0.418942
21	37000000	38000000	0.444282
21	38000000	39000000	0.431007
21	39000000	40000000	0.422771
21	40000000	41000000	0.4323523235232352
21	41000000	42000000	0.418873
21	42000000	43000000	0.4403485289762328
21	43000000	44000000	0.4949412609918373
21	44000000	45000000	0.5130708014905577
21	45000000	46000000	0.524386
21	46000000	47000000	0.524326
21	47000000	48000000	0.498178
21	48000000	48129895	0.4399599649693482
22	0	1000000	
22	1000000	2000000	
22	2000000	3000000	
22	3000000	4000000	
22	4000000	5000000	
22	5000000	6000000	
22	6000000	7000000	
22	7000000	8000000	
22	8000000	9000000	
22	9000000	10000000	
22	10000000	11000000	
22	11000000	12000000	
22	12000000	13000000	
22	13000000	14000000	
22	14000000	15000000	
22	15000000	16000000	
22	16000000	17000000	0.4120775
22	17000000	18000000	0.439359
22	18000000	19000000	0.478273
22	19000000	20000000	0.5047125989645782
22	20000000	21000000	0.5259022222222223
22	21000000	22000000	0.498128
22	22000000	23000000	0.46236
22	23000000	24000000	0.49273
22	24000000	25000000	0.49525
22	25000000	26000000	0.471705
22	26000000	27000000	0.447931
22	27000000	28000000	0.463731
22	28000000	29000000	0.423567
22	29000000	30000000	0.468111
22	30000000	31000000	0.474538
22	31000000	32000000	0.47289
22	32000000	33000000	0.455019
22	33000000	34000000	0.443324
22	34000000	35000000	0.420057
22	35000000	36000000	0.459715
22	36000000	37000000	0.458699
22	37000000	38000000	0.517508
22	38000000	39000000	0.514845
22	39000000	40000000	0.515268
22	40000000	41000000	0.447605
22	41000000	42000000	0.476974
22	42000000	43000000	0.498943
22	43000000	44000000	0.512922
22	44000000	45000000	0.490628
22	45000000	46000000	0.504762
22	46000000	47000000	0.510994
22	47000000	48000000	0.493381
22	48000000	49000000	0.476026
22	49000000	50000000	0.505769
22	50000000	51000000	0.5487263157894737
22	51000000	51304566	0.5120948946296705
X	0	1000000	0.4873
X	1000000	2000000	0.4877164705882353
X	2000000	3000000	0.4563294736842105
X	3000000	4000000	0.426039
X	4000000	5000000	0.37647
X	5000000	6000000	0.37836
X	6000000	7000000	0.400466
X	7000000	8000000	0.3981884210526316
X	8000000	9000000	0.390275
X	9000000	10000000	0.446017
X	10000000	11000000	0.4079778947368421
X	11000000	12000000	0.392586
X	12000000	13000000	0.39797
X	13000000	14000000	0.410442
X	14000000	15000000	0.381289
X	15000000	16000000	0.395605
X	16000000	17000000	0.410882
X	17000000	18000000	0.417778
X	18000000	19000000	0.42002
X	19000000	20000000	0.428343
X	20000000	21000000	0.39608
X	21000000	22000000	0.376613
X	22000000	23000000	0.383965
X	23000000	24000000	0.407002
X	24000000	25000000	0.412255
X	25000000	26000000	0.382389
X	26000000	27000000	0.363593
X	27000000	28000000	0.364738
X	28000000	29000000	0.363203
X	29000000	30000000	0.36339
X	30000000	31000000	0.393229
X	31000000	32000000	0.378131
X	32000000	33000000	0.357809
X	33000000	34000000	0.35766
X	34000000	35000000	0.361775
X	35000000	36000000	0.367882
X	36000000	37000000	0.366597
X	37000000	38000000	0.3889431578947368
X	38000000	39000000	0.398472
X	39000000	40000000	0.467098
X	40000000	41000000	0.442087
X	41000000	42000000	0.408601
X	42000000	43000000	0.383097
X	43000000	44000000	0.392457
X	44000000	45000000	0.406962
X	45000000	46000000	0.392572
X	46000000	47000000	0.414245
X	47000000	48000000	0.445098
X	48000000	49000000	0.473969
X	49000000	50000000	0.4342238953096444
X	50000000	51000000	0.4003537512284452
X	51000000	52000000	0.398526
X	52000000	53000000	0.4278936842105263
X	53000000	54000000	0.440226
X	54000000	55000000	0.424275
X	55000000	56000000	0.396041
X	56000000	57000000	0.394261
X	57000000	58000000	0.384382
X	58000000	59000000	0.40782664274963404
X	59000000	60000000	
X	60000000	61000000	
X	61000000	62000000	0.3774702190019749
X	62000000	63000000	0.383594
X	63000000	64000000	0.396315
X	64000000	65000000	0.402153
X	65000000	66000000	0.386924
X	66000000	67000000	0.37999
X	67000000	68000000	0.406548
X	68000000	69000000	0.450357
X	69000000	70000000	0.410569
X	70000000	71000000	0.444191
X	71000000	72000000	0.423473
X	72000000	73000000	0.395428
X	73000000	74000000	0.407882
X	74000000	75000000	0.388867
X	75000000	76000000	0.384241
X	76000000	77000000	0.39151473684210525
X	77000000	78000000	0.386018
X	78000000	79000000	0.366889
X	79000000	80000000	0.371429
X	80000000	81000000	0.366101
X	81000000	82000000	0.362194
X	82000000	83000000	0.362994
X	83000000	84000000	0.358133
X	84000000	85000000	0.369282
X	85000000	86000000	0.3658
X	86000000	87000000	0.359101
X	87000000	88000000	0.358859
X	88000000	89000000	0.355425
X	89000000	90000000	0.35753
X	90000000	91000000	0.362928
X	91000000	92000000	0.360155
X	92000000	93000000	0.363591
X	93000000	94000000	0.360606
X	94000000	95000000	0.35854
X	95000000	96000000	0.371812
X	96000000	97000000	0.371889
X	97000000	98000000	0.371083
X	98000000	99000000	0.357999
X	99000000	100000000	0.38698
X	100000000	101000000	0.41457
X	101000000	102000000	0.399663
X	102000000	103000000	0.404481
X	103000000	104000000	0.406838
X	104000000	105000000	0.373267
X	105000000	106000000	0.376005
X	106000000	107000000	0.411386
X	107000000	108000000	0.390892
X	108000000	109000000	0.382638
X	109000000	110000000	0.403222
X	110000000	111000000	0.387664
X	111000000	112000000	0.391632
X	112000000	113000000	0.376642
X	113000000	114000000	0.3652884210526316
X	114000000	115000000	0.392969
X	115000000	116000000	0.37466
X	116000000	117000000	0.374809
X	117000000	118000000	0.396741
X	118000000	119000000	0.44096
X	119000000	120000000	0.415419
X	120000000	121000000	0.38029052631578947
X	121000000	122000000	0.366683
X	122000000	123000000	0.395123
X	123000000	124000000	0.38559
X	124000000	125000000	0.365799
X	125000000	126000000	0.359191
X	126000000	127000000	0.356137
X	127000000	128000000	0.364981
X	128000000	129000000	0.410636
X	129000000	130000000	0.425719
X	130000000	131000000	0.394047
X	131000000	132000000	0.390583
X	132000000	133000000	0.41156
X	133000000	134000000	0.405845
X	134000000	135000000	0.418748
X	135000000	136000000	0.411781
X	136000000	137000000	0.402298
X	137000000	138000000	0.381862
X	138000000	139000000	0.387986
X	139000000	140000000	0.397823
X	140000000	141000000	0.387061
X	141000000	142000000	0.37541
X	142000000	143000000	0.373935
X	143000000	144000000	0.36255263157894735
X	144000000	145000000	0.3764
X	145000000	146000000	0.376839
X	146000000	147000000	0.372387
X	147000000	148000000	0.387314
X	148000000	149000000	0.4195221052631579
X	149000000	150000000	0.43011894736842105
X	150000000	151000000	0.425227
X	151000000	152000000	0.403004
X	152000000	153000000	0.5032852631578948
X	153000000	154000000	0.519866
X	154000000	155000000	0.390074
X	155000000	155270560	0.4140773718145533
Y	0	1000000	
Y	1000000	2000000	
Y	2000000	3000000	0.38250114129194246
Y	3000000	4000000	0.358644
Y	4000000	5000000	0.360764
Y	5000000	6000000	0.359788
Y	6000000	7000000	0.398569
Y	7000000	8000000	0.409424
Y	8000000	9000000	0.40998526315789474
Y	9000000	10000000	0.4167578947368421
Y	10000000	11000000	0.4121928591240806
Y	11000000	12000000	
Y	12000000	13000000	
Y	13000000	14000000	0.41259065657422805
Y	14000000	15000000	0.408762
Y	15000000	16000000	0.387778
Y	16000000	17000000	0.388385
Y	17000000	18000000	0.389397
Y	18000000	19000000	0.374976
Y	19000000	20000000	0.389587
Y	20000000	21000000	0.38900315789473683
Y	21000000	22000000	0.38854
Y	22000000	23000000	0.39380736842105263
Y	23000000	24000000	0.39593684210526314
Y	24000000	25000000	0.398876
Y	25000000	26000000	0.387084
Y	26000000	27000000	0.399729
Y	27000000	28000000	0.399159
Y	28000000	29000000	0.38735063055234503
Y	29000000	30000000	
Y	30000000	31000000	
Y	31000000	32000000	
Y	32000000	33000000	
Y	33000000	34000000	
Y	34000000	35000000	
Y	35000000	36000000	
Y	36000000	37000000	
Y	37000000	38000000	
Y	38000000	39000000	
Y	39000000	40000000	
Y	40000000	41000000	
Y	41000000	42000000	
Y	42000000	43000000	
Y	43000000	44000000	
Y	44000000	45000000	
Y	45000000	46000000	
Y	46000000	47000000	
Y	47000000	48000000	
Y	48000000	49000000	
Y	49000000	50000000	
Y	50000000	51000000	
Y	51000000	52000000	
Y	52000000	53000000	
Y	53000000	54000000	
Y	54000000	55000000	
Y	55000000	56000000	
Y	56000000	57000000	
Y	57000000	58000000	
Y	58000000	59000000	0.40229946646866555
Y	59000000	59373566	0.3997474228318012
MT	0	16569	0.44362626750362144
